,,1,,,2,,,3,,,4,,,5,,,6,,,7,,,8,,,9,,,10,,,11,,,12,,,13,,,14,,,15,,,16,,,17,,,18,,,19,,,20,,,21,,,22,,,23,,,24,,,25,,,26,,,27,,,28,,,29,,,30,,,31,,,32,,,33,,,34,,,35,,,36,,,37,,,38,,,39,,,40,,,41,,,42,,,43,,,44,,,45,,,46,,,47,,,48,,,49,,,50,,,51,,,52,,,53,,
Observer ID,,1/1,,,2/3,,,3/23,,,4/35,,,5/7,,,6/36,,,7/37,,,9/38,,,10/10,,,11/39,,,12/40,,,13/41,,,14/8,,,15/42,,,16/13,,,17/43,,,21/17,,,22/18,,,24/15,,,25/27,,,26/46,,,27/47,,,28/48,,,29/49,,,30/50,,,31/51,,,32/52,,,33/35,,,34/2,,,35/54,,,36/55,,,38/1,,,39/57,,,40/4,,,41/58,,,42/59,,,43/60,,,44/61,,,45/24,,,46/62,,,48/64,,,49/65,,,50/66,,,51/49,,,52/35,,,53/16,,,54/67,,,55/68,,,56/69,,,58/71,,,59/12,,,60/3,,,61/72,,
Sex,,M,,,M,,,F,,,F,,,F,,,M,,,F,,,M,,,M,,,M,,,M,,,M,,,M,,,M,,,F,,,F,,,M,,,F,,,M,,,M,,,M,,,M,,,M,,,M,,,M,,,f,,,M,,,M,,,F,,,M,,,F,,,M,,,M,,,F,,,M,,,M,,,F,,,F,,,M,,,F,,,F,,,M,,,M,,,M,,,F,,,M,,,M,,,M,,,M,,,M,,,M,,,M,,,M,,
Age,,54,,,30,,,19,,,16,,,27,,,28,,,17,,,29,,,27,,,37,,,32,,,34,,,49,,,27,,,50,,,34,,,29,,,23,,,44,,,38,,,30,,,43,,,28,,,28,,,22,,,21,,,31,,,28,,,30,,,22,,,20,,,55,,,22,,,22,,,44,,,49,,,19,,,29,,,50,,,24,,,25,,,38,,,37,,,28,,,17,,,50,,,23,,,35,,,37,,,50,,,39,,,31,,,17,,
Conditions,,I,,,I,,,I,,,I,,,I,,,I,,,I,,,I,,,I,,,I,,,I,,,I,,,I,,,I,,,I,,,I,,,I,,,I,,,I,,,I,,,I,,,I,,,I,,,I,,,II,,,II,,,II,,,II,,,II,,,II,,,II,,,II,,,II,,,II,,,II,,,II,,,II,,,II,,,II,,,II,,,II,,,II,,,II,,,II,,,II,,,II,,,II,,,II,,,II,,,II,,,II,,,II,,,II,,
Name,,Dr. W. S. Stiles,,,Dr. J. M. Burch,,,Miss W. F. Earl,,,Miss P. A. Gray,,,Miss E. M. Kinrade,,,Mr. K. J. McCree,,,Miss N. M. Geragling,,,Dr. G. S. Brindley,,,Mr. A. W. Tarrant,,,Mr. J. S. T. Looms,,,Mr. A. Jackson,,,Mr. J. Woodhouse,,,Mr. G. E. V. Lambert,,,Mr. M. C. Boshoff,,,Miss D. L. Tilleard,,,Miss E. M. Love,,,Mr. R. G. Berry,,,Miss D. C. Marks,,,Dr. M. H. Pirenne,,,Mr. W. G. Griffin,,,Dr. F. H. C. Marriott,,,Mr. R. T. Peters,,,Mr. E. Archbold,,,Dr. R. N. Wilson,,,Mr. M. Gadsden,,,Miss J. M. Vigil,,,Mr. P. S. Williams,,,Dr. J. E. Gibbs,,,Miss P. Fowler,,,Mr. F. J. J. Clarke,,,Mrs. Bowles,,,Dr. W. S. Stiles,,,Mr. R. B. Colkin,,,Mrs. J. A. Redhouse,,,Mr. M. G. Clarke,,,Mr. Warburton,,,Miss J. L. Pearson,,,Mrs. Wood,,,Mr. J. S. Preston,,,Mrs. P. Dent,,,Miss P. M. Excell,,,Mr. Marriner,,,Mr. H. F. Stephenson,,,Dr. R. N. Wilson,,,Miss P. A. Gray,,,Prof. W. D. Wright,,,Mr. J. Hillman,,,Mr. K. H. Spring,,,Mr. F. R. Tolmon,,,Mr. S. S. Beggs,,,Mr. J. B. Collins,,,Dr. J. M. Burch,,,Mr. A. D. L. Scott,,
1/cm,nm,R,G,B,R,G,B,R,G,B,R,G,B,R,G,B,R,G,B,R,G,B,R,G,B,R,G,B,R,G,B,R,G,B,R,G,B,R,G,B,R,G,B,R,G,B,R,G,B,R,G,B,R,G,B,R,G,B,R,G,B,R,G,B,R,G,B,R,G,B,R,G,B,R,G,B,R,G,B,R,G,B,R,G,B,R,G,B,R,G,B,R,G,B,R,G,B,R,G,B,R,G,B,R,G,B,R,G,B,R,G,B,R,G,B,R,G,B,R,G,B,R,G,B,R,G,B,R,G,B,R,G,B,R,G,B,R,G,B,R,G,B,R,G,B,R,G,B,R,G,B,R,G,B,R,G,B,R,G,B
25500,392.16,0.0002499354,-0.0000789779,0.0016437960,0.0022857340,-0.0007583052,0.0117163200,0.0002283792,-0.0000726926,0.0009877560,0.0029469850,-0.0006789576,0.0099052800,0.0042957040,-0.0011973240,0.0229891200,0.0019303480,-0.0004457496,0.0080369520,0.0019798690,-0.0005647236,0.0082125120,0.0004332602,-0.0001068396,0.0016779840,0.0036703800,-0.0008624904,0.0175467600,0.0015419480,-0.0005014920,0.0113467200,0.0002837262,-0.0000932927,0.0018932760,0.0011467510,-0.0002832624,0.0049119840,0.0008505960,-0.0002816508,0.0050921640,0.0035091940,-0.0007128012,0.0126495600,0.0016594390,-0.0004479300,0.0096188400,0.0004051012,-0.0001330992,0.0028607040,0.0006711552,-0.0002333028,0.0040055400,0.0023886600,-0.0007001928,0.0095356800,0.0010515930,-0.0003520872,0.0064994160,0.0015322380,-0.0003870684,0.0060309480,0.0029100870,-0.0005688948,0.0113467200,0.0008519554,-0.0002829780,0.0043428000,0.0018759720,-0.0005879496,0.0088602360,0.0010263470,-0.0003262068,0.0044832480,0.0031149560,-0.0008124750,0.0110040000,0.0093121600,-0.0021383400,0.0276108700,0.0037258260,-0.0006997176,0.0150754800,0.0024944660,-0.0008176560,0.0095551400,0.0033025460,-0.0005322300,0.0132231400,0.0036527140,-0.0007504914,0.0127463000,0.0073092760,-0.0015420540,0.0266388500,0.0002289560,-0.0001018302,0.0013846700,0.0013342940,-0.0005098104,0.0075661670,0.0072736820,-0.0015900960,0.0241354400,0.0072727200,-0.0024981840,0.0308478800,0.0002221258,-0.0000991926,0.0011297440,,,,0.0004721496,-0.0001707846,0.0019495420,0.0002818660,-0.0001341408,0.0015020460,0.0004927364,-0.0002217468,0.0022567370,0.0013275600,-0.0003062442,0.0057706810,0.0013872040,-0.0004801374,0.0068664960,0.0014603160,-0.0003784014,0.0053140150,0.0014968720,-0.0004760868,0.0060980500,0.0047186100,-0.0014374920,0.0150754800,0.0014737840,-0.0004800432,0.0076862940,0.0040182740,-0.0006582696,0.0119393400,0.0014343420,-0.0007203474,0.0061200580,0.0014208740,-0.0003959226,0.0049783930,0.0006430970,-0.0002724264,0.0041741840,0.0038143300,-0.0009090300,0.0158824400,0.0023203440,-0.0008620242,0.0115175200,0.0009480510,-0.0003225408,0.0035854700
25000,400.00,0.0022470380,-0.0007581592,0.0153314400,0.0101148800,-0.0034552720,0.0533400000,0.0019883400,-0.0005986290,0.0086593680,0.0117269300,-0.0027550480,0.0390855200,0.0136618200,-0.0043597280,0.0818286400,0.0073140980,-0.0017932820,0.0341782400,0.0082890260,-0.0024351540,0.0369112800,0.0027708480,-0.0008508972,0.0131470400,0.0136404400,-0.0035938580,0.0657250400,0.0068822220,-0.0023340800,0.0527100800,0.0023753180,-0.0006577104,0.0151180800,0.0064717260,-0.0016859560,0.0287121600,0.0042385850,-0.0015025640,0.0278790400,0.0143673600,-0.0026623100,0.0539394400,0.0066064200,-0.0017026280,0.0430580800,0.0025345990,-0.0009312354,0.0191516000,0.0044213840,-0.0014504640,0.0267309600,0.0107327600,-0.0032677120,0.0441350400,0.0055010740,-0.0018568440,0.0339648800,0.0079747400,-0.0023632560,0.0339140800,0.0107755200,-0.0024132720,0.0434644800,0.0050146790,-0.0017109640,0.0260705600,0.0095173070,-0.0029676160,0.0449173600,0.0057619100,-0.0019454140,0.0269748000,0.0121564200,-0.0041035960,0.0407725500,0.0251592400,-0.0063050960,0.0865592000,0.0135741400,-0.0030997120,0.0525161000,0.0112677000,-0.0037700040,0.0471569000,0.0120083000,-0.0025236960,0.0495726000,0.0149389600,-0.0031142160,0.0559569500,0.0220910400,-0.0060056920,0.0858994500,0.0023328900,-0.0009814028,0.0141085000,0.0066675160,-0.0026065760,0.0333833500,0.0232760000,-0.0060222680,0.0819612500,0.0231173000,-0.0065319800,0.1069810000,0.0019118060,-0.0008231020,0.0114593500,,,,0.0031412020,-0.0013478360,0.0151539500,0.0020736800,-0.0009207968,0.0123830000,0.0042753780,-0.0014742280,0.0154584500,0.0064950620,-0.0018451160,0.0312924500,0.0081719920,-0.0024459960,0.0405797000,0.0077477340,-0.0020502440,0.0320435500,0.0075393080,-0.0025444160,0.0320943000,0.0150447600,-0.0041160280,0.0616714000,0.0074652480,-0.0025340560,0.0375042500,0.0166846600,-0.0026034680,0.0527800000,0.0073435780,-0.0035700560,0.0314650000,0.0071277460,-0.0019797960,0.0282373000,0.0048794960,-0.0019829040,0.0310285500,0.0115533600,-0.0032395720,0.0658227500,0.0110032000,-0.0036902320,0.0491463000,0.0048657420,-0.0015022000,0.0193662000
24500,408.16,0.0113847300,-0.0041760000,0.0866012600,0.0308662200,-0.0123087600,0.1710240000,0.0139551300,-0.0041060520,0.0634112200,0.0352144800,-0.0081807840,0.1294896000,0.0346682700,-0.0120895200,0.2192772000,0.0271391400,-0.0066742920,0.1376336000,0.0310161600,-0.0103784000,0.1412984000,0.0165362400,-0.0053202240,0.0759529800,0.0391022100,-0.0112125600,0.2162232000,0.0238833000,-0.0096444720,0.1987136000,0.0124236000,-0.0038701080,0.0815010800,0.0239582700,-0.0065604960,0.1109620000,0.0153474300,-0.0055206720,0.1125908000,0.0422402400,-0.0099566280,0.1810004000,0.0221589900,-0.0063297720,0.1505622000,0.0142657200,-0.0050717520,0.1052612000,0.0176929200,-0.0064164240,0.1099440000,0.0331902900,-0.0109515600,0.1476100000,0.0212914800,-0.0077443920,0.1402804000,0.0278567100,-0.0081379800,0.1168664000,0.0332545500,-0.0077673600,0.1510712000,0.0219340800,-0.0048159720,0.1014946000,0.0286064100,-0.0100004800,0.1502568000,0.0238618800,-0.0085409640,0.1229744000,0.0435843600,-0.0151263000,0.1547864000,0.0559032800,-0.0190776600,0.2296471000,0.0484761600,-0.0132432300,0.2007766000,0.0375353600,-0.0164640000,0.1626878000,0.0305921600,-0.0072554790,0.1575215000,0.0453201600,-0.0129448200,0.1815296000,0.0574918000,-0.0198185400,0.2328887000,0.0119296800,-0.0043989750,0.0851021300,0.0253742400,-0.0097117020,0.1244977000,0.0588699200,-0.0174106800,0.2179976000,0.0524316800,-0.0178119900,0.2618605000,0.0123084000,-0.0046850370,0.0794901100,0.0436369600,-0.0121113300,0.1840621000,0.0161271600,-0.0067646460,0.0820428700,0.0128344000,-0.0058519230,0.0760459100,0.0200616400,-0.0066247020,0.0873915100,0.0239856000,-0.0064981350,0.1289549000,0.0273625200,-0.0097827030,0.1597501000,0.0300556400,-0.0083904660,0.1385784000,0.0274361600,-0.0107633400,0.1336147000,0.0470559600,-0.0161244300,0.1973324000,0.0256162000,-0.0087753120,0.1525578000,0.0537466800,-0.0121216200,0.1789971000,0.0275939600,-0.0129242400,0.1262198000,0.0290352000,-0.0088175010,0.1200405000,0.0210189600,-0.0080035620,0.1314874000,0.0312444000,-0.0105678300,0.1867972000,0.0368936400,-0.0141693300,0.1624852000,0.0237857200,-0.0100214300,0.1008138000
24000,416.67,0.0305021400,-0.0119183600,0.2725254000,0.0604118000,-0.0289401700,0.4231236000,0.0476734800,-0.0148051600,0.2487838000,0.0830741600,-0.0305176000,0.4113534000,0.0588142200,-0.0253935300,0.4508892000,0.0637233400,-0.0218468900,0.4130636000,0.0736473800,-0.0293731900,0.4445514000,0.0419179600,-0.0131452500,0.2432508000,0.0651199000,-0.0263729800,0.4215140000,0.0461605400,-0.0225995200,0.4339884000,0.0430394400,-0.0170218100,0.3465670000,0.0533020400,-0.0174135900,0.3008946000,0.0318775400,-0.0139803600,0.2679984000,0.0708860000,-0.0269091000,0.4001868000,0.0499164400,-0.0175991700,0.3830848000,0.0378975600,-0.0180218800,0.3357022000,0.0440762800,-0.0195890000,0.3570294000,0.0750545200,-0.0248161700,0.3646750000,0.0435896000,-0.0192178400,0.3566270000,0.0617766200,-0.0213829400,0.3381166000,0.0587613200,-0.0179084700,0.3077354000,0.0532174000,-0.0223623900,0.3863040000,0.0595865600,-0.0232181200,0.3814752000,0.0566453200,-0.0221871200,0.3455610000,0.0894033300,-0.0278287500,0.3771225000,0.0910471200,-0.0324002500,0.4334661000,0.0783679500,-0.0255122500,0.4530465000,0.0741904200,-0.0309652500,0.3550446000,0.0814566000,-0.0270600000,0.4147848000,0.0914240400,-0.0321542500,0.4135860000,0.0795196500,-0.0395855000,0.4598397000,0.0370428600,-0.0140015000,0.2742255000,0.0434819100,-0.0191162500,0.4121874000,0.0916857900,-0.0293457500,0.4053942000,0.0706096800,-0.0315700000,0.4560435000,0.0266566200,-0.0134172500,0.2529468000,0.0709447200,-0.0231342500,0.4334661000,0.0438797700,-0.0198235000,0.2858139000,0.0352943700,-0.0186857500,0.2650347000,0.0676780800,-0.0223450000,0.3039957000,0.0408015900,-0.0170150000,0.3387609000,0.0590508000,-0.0273367500,0.3892104000,0.0633958500,-0.0249382500,0.3315681000,0.0689658900,-0.0281055000,0.3732264000,0.0970464300,-0.0395547500,0.4672323000,0.0522453000,-0.0210125000,0.3674322000,0.1105632000,-0.0297250000,0.4398597000,0.0514181700,-0.0279620000,0.2935062000,0.0630503400,-0.0252867500,0.3243753000,0.0417438900,-0.0216992500,0.3594402000,0.0690391800,-0.0285155000,0.3875121000,0.0611238600,-0.0301555000,0.3867129000,0.0547057500,-0.0288742500,0.2912085000
23500,425.53,0.0393400800,-0.0214749200,0.5631240000,0.0729518400,-0.0399583600,0.6980934000,0.0705510000,-0.0277765600,0.5190360000,0.0960336000,-0.0374500400,0.6312600000,0.0660968100,-0.0356099200,0.7144260000,0.0724148100,-0.0280952400,0.6271518000,0.0738995400,-0.0269336000,0.5600178000,0.0705615300,-0.0312203600,0.5718414000,0.0750999600,-0.0294522000,0.6644262000,0.0562723200,-0.0331324400,0.7303578000,0.0622638900,-0.0241888400,0.5994966000,0.0690557400,-0.0263887600,0.6136248000,0.0405405000,-0.0244664000,0.5591160000,0.0906633000,-0.0340370800,0.6837648000,0.0511758000,-0.0279718800,0.6843660000,0.0502912800,-0.0283316800,0.6370716000,0.0532502100,-0.0318988400,0.6045066000,0.0836503200,-0.0403284400,0.6568110000,0.0545559300,-0.0325362000,0.6607188000,0.0826499700,-0.0339754000,0.6187350000,0.0771533100,-0.0244972400,0.6029034000,0.0631168200,-0.0273242400,0.5722422000,0.0753737400,-0.0338314800,0.6536046000,0.0763109100,-0.0345305200,0.6584142000,0.1287626000,-0.0597708800,0.6623617000,0.0819122600,-0.0376320000,0.7079072000,0.0987633200,-0.0403148800,0.7070063000,0.0805210800,-0.0406220800,0.6346340000,0.0692138200,-0.0206950400,0.6523517000,0.0854372800,-0.0371507200,0.7112105000,0.1048092000,-0.0547942400,0.6836830000,0.0485448600,-0.0198041600,0.5432427000,0.0845900200,-0.0427827200,0.5362357000,0.1098300000,-0.0460390400,0.6871865000,0.0803014200,-0.0301670400,0.7164157000,0.0566304400,-0.0274944000,0.5527522000,0.1054368000,-0.0472064000,0.6768762000,0.0657934000,-0.0389222400,0.5592587000,0.0582622000,-0.0396083200,0.5419414000,0.1019222000,-0.0349184000,0.6142136000,0.0759396000,-0.0298188800,0.6171165000,0.0760965000,-0.0260403200,0.5395390000,0.0779374600,-0.0247808000,0.6779773000,0.0854582000,-0.0389324800,0.6321315000,0.1345156000,-0.0549785600,0.6694688000,0.0653854600,-0.0284364800,0.6378372000,0.0801026800,-0.0297676800,0.6728722000,0.0718706600,-0.0455168000,0.5652647000,0.0885334400,-0.0406528000,0.6185179000,0.0595174000,-0.0328908800,0.6170164000,0.0692870400,-0.0268595200,0.6524518000,0.0876757200,-0.0454144000,0.6566560000,0.0972047800,-0.0327168000,0.5630625000
23000,434.78,0.0397616800,-0.0224839600,0.8413542000,0.0487312000,-0.0347337700,0.8984757000,0.0554237600,-0.0312946800,0.7938372000,0.0779486400,-0.0345675300,0.9803667000,0.0448263200,-0.0303284100,0.8968581000,0.0478587200,-0.0247593700,0.8489367000,0.0703623200,-0.0422976900,1.0046310000,0.0446135200,-0.0178708000,0.8185056000,0.0479225600,-0.0258814900,0.8159781000,0.0289620800,-0.0147745800,0.8195166000,0.0473267200,-0.0204994700,0.9302211000,0.0514444000,-0.0243957200,0.8085978000,0.0325371200,-0.0189617500,0.8018241000,0.0719689600,-0.0253516000,0.9149550000,0.0371548800,-0.0198968500,0.8718864000,0.0410704000,-0.0253516000,0.8989812000,0.0459116000,-0.0215592500,0.9774348000,0.0694792000,-0.0312842900,0.8660226000,0.0434644000,-0.0320947100,0.9313332000,0.0593924800,-0.0285517200,0.8206287000,0.0631164800,-0.0021600810,0.9112143000,0.0526892800,-0.0174655900,0.8616753000,0.0519657600,-0.0267334700,0.8655171000,0.0549981600,-0.0293517500,0.9237507000,0.0818121900,-0.0402186000,0.9390381000,0.0766488300,-0.0268566000,0.8163155000,0.0679877100,-0.0285294000,0.9016007000,0.0706422600,-0.0418812000,0.8247239000,0.0835090200,-0.0215016000,0.9400391000,0.0869443200,-0.0406776000,0.8373365000,0.0622830300,-0.0372912000,0.9472463000,0.0396725100,-0.0190944000,0.8603595000,0.0413901600,-0.0219402000,0.9151142000,0.0603884100,-0.0276012000,0.8365357000,0.0488749500,-0.0269484000,0.8506498000,0.0396933300,-0.0242046000,0.8259251000,0.0535490400,-0.0348228000,0.8544536000,0.0585354300,-0.0335784000,0.8423415000,0.0512692500,-0.0196860000,0.8496488000,0.0791576400,-0.0363324000,0.8489481000,0.0267224700,-0.0168402000,0.7102095000,0.0451377600,-0.0268056000,0.8832824000,0.0564846600,-0.0473280000,0.8377369000,0.0726826200,-0.0420546000,0.9178169000,0.0527787000,-0.0243780000,0.9737728000,0.0566928600,-0.0236844000,0.8860852000,0.1983105000,-0.0248778000,1.0750740000,0.0698094600,-0.0350472000,0.9121112000,0.0575673000,-0.0310998000,0.7531524000,0.0445964400,-0.0196860000,0.7826819000,0.0463557300,-0.0271932000,0.8484476000,0.0436907700,-0.0365772000,0.8314306000,0.0601281600,-0.0417792000,0.8026018000
22500,444.44,0.0000000000,0.0000000000,1.0000000000,0.0000000000,0.0000000000,1.0000000000,0.0000000000,0.0000000000,1.0000000000,0.0000000000,0.0000000000,1.0000000000,0.0000000000,0.0000000000,1.0000000000,0.0000000000,0.0000000000,1.0000000000,0.0000000000,0.0000000000,1.0000000000,0.0000000000,0.0000000000,1.0000000000,0.0000000000,0.0000000000,1.0000000000,0.0000000000,0.0000000000,1.0000000000,0.0000000000,0.0000000000,1.0000000000,0.0000000000,0.0000000000,1.0000000000,0.0000000000,0.0000000000,1.0000000000,0.0000000000,0.0000000000,1.0000000000,0.0000000000,0.0000000000,1.0000000000,0.0000000000,0.0000000000,1.0000000000,0.0000000000,0.0000000000,1.0000000000,0.0000000000,0.0000000000,1.0000000000,0.0000000000,0.0000000000,1.0000000000,0.0000000000,0.0000000000,1.0000000000,0.0000000000,0.0000000000,1.0000000000,0.0000000000,0.0000000000,1.0000000000,0.0000000000,0.0000000000,1.0000000000,0.0000000000,0.0000000000,1.0000000000,0.0000000000,0.0000000000,1.0000000000,0.0000000000,0.0000000000,1.0000000000,0.0000000000,0.0000000000,1.0000000000,0.0000000000,0.0000000000,1.0000000000,0.0000000000,0.0000000000,1.0000000000,0.0000000000,0.0000000000,1.0000000000,0.0000000000,0.0000000000,1.0000000000,0.0000000000,0.0000000000,1.0000000000,0.0000000000,0.0000000000,1.0000000000,0.0000000000,0.0000000000,1.0000000000,0.0000000000,0.0000000000,1.0000000000,0.0000000000,0.0000000000,1.0000000000,0.0000000000,0.0000000000,1.0000000000,0.0000000000,0.0000000000,1.0000000000,0.0000000000,0.0000000000,1.0000000000,0.0000000000,0.0000000000,1.0000000000,0.0000000000,0.0000000000,1.0000000000,0.0000000000,0.0000000000,1.0000000000,0.0000000000,0.0000000000,1.0000000000,0.0000000000,0.0000000000,1.0000000000,0.0000000000,0.0000000000,1.0000000000,0.0000000000,0.0000000000,1.0000000000,0.0000000000,0.0000000000,1.0000000000,0.0000000000,0.0000000000,1.0000000000,0.0000000000,0.0000000000,1.0000000000,0.0000000000,0.0000000000,1.0000000000,0.0000000000,0.0000000000,1.0000000000,0.0000000000,0.0000000000,1.0000000000,0.0000000000,0.0000000000,1.0000000000
22000,454.55,-0.0815104500,0.0508194900,0.9333660000,-0.0763997500,0.0477278100,0.9595082000,-0.1170246000,0.0659016000,0.8669668000,-0.1070118000,0.0646303500,0.9782948000,-0.0920656100,0.0607657500,0.8838648000,-0.0694638000,0.0399070800,0.9199470000,-0.1090978000,0.0635421600,0.9503634000,-0.0703399200,0.0435682800,1.0725260000,-0.0845351500,0.0635116500,0.8751176000,-0.0663243700,0.0423885600,1.0317720000,-0.0612241000,0.0323914500,0.9826684000,-0.0814583000,0.0538196400,1.0397240000,-0.0484264900,0.0407817000,1.0496640000,-0.0867984600,0.0613861200,0.8653764000,-0.0669606000,0.0455209200,0.9257122000,-0.0793305800,0.0534636900,0.9263086000,-0.0718314100,0.0476973000,0.8637860000,-0.0913876600,0.0724714200,0.8784972000,-0.0651562100,0.0464769000,0.9605022000,-0.0831583900,0.0553756500,1.0039400000,-0.0779433900,0.0493550100,0.9472820000,-0.0590129400,0.0537687900,1.0934000000,-0.0762433000,0.0524772000,0.9553334000,-0.0981880200,0.0665321400,0.8739248000,-0.0924225100,0.0482348100,0.8830536000,-0.1281953000,0.0884321700,0.7921188000,-0.1162125000,0.0686974500,0.8846472000,-0.1114607000,0.0588199800,0.8488908000,-0.0750681100,0.0621461700,0.9743868000,-0.1119772000,0.0501456000,0.8179152000,-0.1445167000,0.0878761200,0.9038700000,-0.0690147300,0.0542199300,1.0039680000,-0.0909040000,0.0675044700,0.8687112000,-0.1446200000,0.0820628700,0.9393276000,-0.0927840600,0.0601646100,0.8752848000,-0.0830015500,0.0602859300,0.9561600000,-0.1210676000,0.0780694200,0.8904240000,-0.1280920000,0.0648657600,0.8786712000,-0.0916580900,0.0694658100,0.9237900000,-0.1537104000,0.1141419000,0.9250848000,-0.0897367100,0.0617215500,0.8406240000,-0.1015955000,0.0658363200,0.9256824000,,,,-0.1145597000,0.0687480000,0.8625360000,-0.1365626000,0.0860563200,0.9029736000,-0.0827019800,0.0631268400,0.8764800000,-0.0468672100,0.0564340200,0.9274752000,-0.0679610700,0.0475978800,0.9450048000,-0.1229270000,0.0719023200,0.8662212000,-0.0817412900,0.0453736800,0.8864400000,-0.0990130500,0.0619641900,0.8425164000,-0.1191049000,0.0715080300,0.8983920000,-0.1091881000,0.0553926900,0.8369388000
21500,465.12,-0.1865472000,0.1438460000,0.7603200000,-0.1891497000,0.1408070000,0.8395200000,-0.2532753000,0.1617761000,0.7237890000,-0.2986629000,0.1917609000,0.6582510000,-0.2353701000,0.1736282000,0.6795360000,-0.2250642000,0.1375654000,0.6886440000,-0.2610828000,0.1790984000,0.7444800000,-0.1549008000,0.1134560000,0.9848520000,-0.1935219000,0.1603579000,0.7379460000,-0.1580238000,0.1274354000,0.8485290000,-0.1924809000,0.1153807000,0.7896240000,-0.2476539000,0.1774776000,0.7791300000,-0.1512573000,0.1304744000,0.8823870000,-0.2101779000,0.1519500000,0.7692300000,-0.1946670000,0.1411109000,0.7142850000,-0.1906071000,0.1500253000,0.7395300000,-0.1631247000,0.1217626000,0.6430050000,-0.2363070000,0.1902414000,0.6304320000,-0.1733265000,0.1351342000,0.7852680000,-0.2330799000,0.1589397000,0.7931880000,-0.2200674000,0.1611683000,0.7112160000,-0.1829037000,0.1603579000,0.9316890000,-0.2009130000,0.1586358000,0.7614090000,-0.2336004000,0.1798075000,0.6784470000,-0.2541816000,0.1644897000,0.6901350000,-0.2862768000,0.1951230000,0.7741428000,-0.2577936000,0.1634787000,0.6951000000,-0.2608896000,0.1850130000,0.6677925000,-0.1913328000,0.1503357000,0.8331270000,-0.2668752000,0.1712634000,0.6536919000,-0.2889600000,0.1998747000,0.7479276000,-0.1765752000,0.1460895000,0.8065146000,-0.1836960000,0.1514478000,0.7263795000,-0.3139344000,0.2008857000,0.7134705000,-0.2341608000,0.1720722000,0.6824889000,-0.1874112000,0.1688370000,0.7954923000,-0.3001056000,0.1956285000,0.7181376000,-0.2860704000,0.1798569000,0.7246914000,-0.1868952000,0.1621644000,0.7240956000,-0.3022728000,0.1999758000,0.6570681000,-0.2121792000,0.1666128000,0.7170453000,-0.2304456000,0.1688370000,0.8602359000,-0.2376696000,0.1605468000,0.6837798000,-0.2400432000,0.1783404000,0.6590541000,-0.2747184000,0.1985604000,0.7578576000,-0.1920552000,0.1661073000,0.7160523000,-0.2343672000,0.1643886000,0.7341249000,-0.1968024000,0.1541775000,0.7245921000,-0.2914368000,0.1898658000,0.7203222000,-0.1743048000,0.1283970000,0.7529919000,-0.2412816000,0.1658040000,0.7015545000,-0.2446872000,0.1799580000,0.6800064000,-0.2567616000,0.1893603000,0.6504150000
21250,470.59,-0.2622714000,0.2114190000,0.6187804000,-0.2693570000,0.2229786000,0.6001496000,-0.3431306000,0.2397096000,0.5337526000,-0.3390668000,0.2293668000,0.5947982000,-0.3070774000,0.2412306000,0.5135362000,-0.3037430000,0.2023944000,0.5899423000,-0.3446936000,0.2560350000,0.6484113000,-0.2351794000,0.1979328000,0.6239336000,-0.2554984000,0.2210520000,0.5688340000,-0.2218418000,0.1882998000,0.6884477000,-0.2318450000,0.1604148000,0.6496005000,-0.3477154000,0.2554266000,0.6003478000,-0.2165276000,0.2013804000,0.6758620000,-0.2798812000,0.2392026000,0.6075821000,-0.2512262000,0.2023944000,0.6056992000,-0.2527892000,0.2169960000,0.5886540000,-0.2422650000,0.1756248000,0.4808332000,-0.3138504000,0.2767206000,0.4020487000,-0.2389306000,0.1994538000,0.6574294000,-0.3114538000,0.2137512000,0.8100434000,-0.2895718000,0.2266290000,0.5399959000,-0.2485170000,0.2405208000,0.6866639000,-0.2705032000,0.2261220000,0.6085731000,-0.3017632000,0.2464020000,0.5343472000,-0.3362950000,0.2356015000,0.5921225000,-0.3464920000,0.2650643000,0.6137263000,-0.3213600000,0.2246034000,0.5753746000,-0.3202270000,0.2531581000,0.5174011000,-0.2794390000,0.2166323000,0.6446455000,-0.3255830000,0.2238971000,0.5437617000,-0.3653410000,0.2678895000,0.5408878000,-0.2447280000,0.2097711000,0.6949883000,-0.2412260000,0.2061387000,0.5946000000,-0.3910910000,0.2695039000,0.5814197000,-0.2661520000,0.2100738000,0.5498068000,-0.2398870000,0.2246034000,0.6687268000,-0.3753320000,0.2650643000,0.5734917000,-0.3394880000,0.2513419000,0.5422752000,-0.2384450000,0.2230899000,0.6244291000,-0.3597790000,0.2679904000,0.5180948000,-0.2675940000,0.2245025000,0.5808251000,-0.2922110000,0.2335835000,0.6659520000,-0.2844860000,0.2106792000,0.5692304000,-0.3033350000,0.2518464000,0.5807260000,-0.3333080000,0.2581022000,0.5930144000,-0.2383420000,0.2201638000,0.6014379000,-0.3310420000,0.2290430000,0.6054019000,-0.2530710000,0.2147152000,0.6561411000,-0.3462860000,0.2479113000,0.5929153000,-0.2382390000,0.1762723000,0.6180867000,-0.3004510000,0.2190539000,0.5412842000,-0.2870610000,0.2344916000,0.5632844000,-0.3159010000,0.2516446000,0.5674466000
21000,476.19,-0.3017632000,0.2722768000,0.5057073000,-0.3371912000,0.3054962000,0.4535807000,-0.4057548000,0.3048848000,0.4085893000,-0.4476432000,0.3482942000,0.3982829000,-0.3698058000,0.3226154000,0.4092830000,-0.3556346000,0.2717673000,0.4486257000,-0.4090892000,0.3275066000,0.4138416000,-0.2647722000,0.2629020000,0.5078875000,-0.3098908000,0.3070247000,0.3955081000,-0.2635218000,0.2429296000,0.5632844000,-0.3178100000,0.2205116000,0.4180038000,-0.3970020000,0.3321940000,0.4024451000,-0.2798812000,0.2760471000,0.4956982000,-0.3507372000,0.2922492000,0.4157245000,-0.3072858000,0.2718692000,0.4732025000,-0.2972826000,0.2795117000,0.4452563000,-0.2701906000,0.2247914000,0.4064091000,-0.3515708000,0.3385118000,0.3889675000,-0.2883214000,0.2702388000,0.4587339000,-0.3605320000,0.3033563000,0.4955000000,-0.3435474000,0.3077380000,0.3485347000,-0.3029094000,0.3194565000,0.4607159000,-0.3233326000,0.2957138000,0.4391121000,-0.3724108000,0.3134444000,0.4006613000,-0.3813060000,0.2874738000,0.4347936000,-0.3915030000,0.3268524000,0.4503680000,-0.3665770000,0.2721432000,0.4408448000,-0.3739930000,0.3166320000,0.4634624000,-0.3112660000,0.2595180000,0.4544352000,-0.3647230000,0.2784558000,0.4119776000,-0.4230210000,0.3344676000,0.4271552000,-0.2838680000,0.2709408000,0.5138560000,-0.2932410000,0.2704398000,0.4581056000,-0.4568050000,0.3410808000,0.4294368000,-0.2992150000,0.2489970000,0.4159456000,-0.2804690000,0.2844678000,0.4998688000,-0.4392950000,0.3422832000,0.4126720000,-0.4018030000,0.3278544000,0.4072160000,-0.2858250000,0.2871732000,0.4820128000,-0.4006700000,0.3213414000,0.3717024000,-0.3057040000,0.2757504000,0.4351904000,-0.3454620000,0.3090168000,0.5109792000,-0.3273340000,0.2587164000,0.4173344000,-0.3511270000,0.3125238000,0.4157472000,-0.4000520000,0.3333654000,0.4426304000,-0.2819110000,0.2751492000,0.4617760000,-0.4133390000,0.2855700000,0.4630656000,-0.2886060000,0.2656302000,0.5021504000,-0.4203430000,0.3222432000,0.4482848000,-0.2769670000,0.2307606000,0.4256672000,-0.3534960000,0.2784558000,0.3905504000,-0.3335140000,0.3053094000,0.4589984000,-0.3621480000,0.3161310000,0.4002720000
20750,481.93,-0.3663900000,0.3491400000,0.3560775000,-0.3526245000,0.3608792000,0.3035770000,-0.4500180000,0.3768688000,0.2914615000,-0.4912110000,0.3941740000,0.2680185000,-0.4013730000,0.3884056000,0.2835815000,-0.3971295000,0.3251556000,0.2944165000,-0.4703040000,0.4066216000,0.3200265000,-0.3376170000,0.3389188000,0.3101765000,-0.3336840000,0.3641176000,0.2853545000,-0.3014955000,0.3031952000,0.3894690000,-0.3882285000,0.2981352000,0.3295810000,-0.4677165000,0.4235220000,0.3295810000,-0.3120525000,0.3469136000,0.3528270000,-0.3941280000,0.3740352000,0.2983565000,-0.3704265000,0.3402344000,0.3255425000,-0.3533490000,0.3464076000,0.3311570000,-0.3412395000,0.2986412000,0.2720570000,-0.4216590000,0.4453812000,0.2968790000,-0.3373065000,0.3456992000,0.3332255000,-0.4307670000,0.3715052000,0.3208145000,-0.4126545000,0.3818276000,0.2830890000,-0.3257145000,0.3960968000,0.3662230000,-0.3632850000,0.3683680000,0.3152000000,-0.4092390000,0.4046988000,0.3030845000,-0.4440960000,0.3783555000,0.3094484000,-0.4290872000,0.4057065000,0.3282237000,-0.4216856000,0.3555630000,0.3118076000,-0.4308348000,0.4258652000,0.2989303000,-0.3548656000,0.3345939000,0.3296982000,-0.4236388000,0.3595137000,0.2866428000,-0.4638336000,0.4143170000,0.2878224000,-0.3260816000,0.3435083000,0.3918238000,-0.3391372000,0.3422927000,0.3030589000,-0.5225324000,0.4315380000,0.3091535000,-0.3493144000,0.3173729000,0.3084654000,-0.3300908000,0.3721762000,0.3703944000,-0.5017668000,0.4269795000,0.2918527000,-0.4643476000,0.4012493000,0.2924425000,-0.3360532000,0.3626540000,0.3479820000,-0.4834684000,0.4219145000,0.2711114000,-0.3286516000,0.3366199000,0.3036487000,-0.3903316000,0.3843322000,0.3700995000,-0.3819020000,0.3262873000,0.2980456000,-0.3969108000,0.3868647000,0.2974558000,-0.4748332000,0.4165456000,0.3186886000,-0.3218668000,0.3455343000,0.3216376000,-0.4647588000,0.3550565000,0.3275356000,-0.3295768000,0.3439135000,0.3768822000,-0.4829544000,0.4291068000,0.3393316000,-0.3306048000,0.2958973000,0.3457211000,-0.3963968000,0.3502954000,0.2999133000,-0.3637064000,0.3797737000,0.3160345000,-0.4071908000,0.3905115000,0.3034521000
20500,487.80,-0.3747618000,0.4285819000,0.2533652000,-0.4337235000,0.4700058000,0.2086249000,-0.4981389000,0.4369068000,0.1811150000,-0.5133681000,0.4774280000,0.1887512000,-0.4361931000,0.4535566000,0.1935483000,-0.4480266000,0.3926745000,0.1918840000,-0.4703559000,0.4713097000,0.2282049000,-0.3585036000,0.4085219000,0.2162611000,-0.3665298000,0.4471374000,0.1985412000,-0.3229002000,0.3923736000,0.2783297000,-0.4034709000,0.3439287000,0.2162611000,-0.4792053000,0.4926736000,0.2144010000,-0.3618993000,0.4138378000,0.2254637000,-0.4388685000,0.4739175000,0.2061774000,-0.4034709000,0.4181507000,0.2291839000,-0.3801126000,0.4234666000,0.2310440000,-0.3337047000,0.3442296000,0.1948210000,-0.4564644000,0.5215600000,0.1944294000,-0.3849489000,0.4322930000,0.2397571000,-0.4678863000,0.4815403000,0.2407361000,-0.3972969000,0.4426239000,0.1934504000,-0.3776430000,0.4725133000,0.2393655000,-0.3965766000,0.4774280000,0.2279112000,-0.4463802000,0.4746196000,0.1938420000,-0.4691898000,0.4341000000,0.2077079000,-0.4663170000,0.4890000000,0.2197988000,-0.4621104000,0.3987000000,0.2036776000,-0.4687794000,0.5112000000,0.2056436000,-0.3843396000,0.4061000000,0.2303169000,-0.4411800000,0.4002000000,0.1879496000,-0.4993542000,0.4925000000,0.2040708000,-0.3469932000,0.4146000000,0.2663930000,-0.3308850000,0.3910000000,0.2023014000,-0.5573232000,0.4965000000,0.2027929000,-0.3795174000,0.3779000000,0.2322829000,-0.3795174000,0.4562000000,0.2709148000,-0.5303394000,0.4696000000,0.1961085000,-0.5057154000,0.4969000000,0.1963051000,-0.3687444000,0.4508000000,0.2428993000,-0.5041764000,0.4954000000,0.1801839000,-0.3912138000,0.4292000000,0.2165549000,-0.4061934000,0.4593000000,0.2568579000,-0.3871098000,0.3760000000,0.1953221000,-0.4175820000,0.4611000000,0.2015150000,-0.4753458000,0.4731000000,0.2153753000,-0.3449412000,0.4010000000,0.2141957000,-0.5423436000,0.4241000000,0.2182260000,-0.3382722000,0.3876000000,0.2516480000,-0.5106402000,0.4913000000,0.2243206000,-0.3470958000,0.3661000000,0.2176362000,-0.4265082000,0.4145000000,0.2084943000,-0.3847500000,0.4467000000,0.2162600000,-0.4507218000,0.4740000000,0.1982711000
20250,493.83,-0.4065233000,0.5130525000,0.1679472000,-0.3788925000,0.5132535000,0.1344951000,-0.5444711000,0.5364690000,0.1233117000,-0.5397285000,0.5714430000,0.1236060000,-0.4601353000,0.5551620000,0.1236060000,-0.4683833000,0.4912440000,0.1365552000,-0.5306557000,0.5673225000,0.1294920000,-0.3645616000,0.4627020000,0.1412640000,-0.3575508000,0.5206905000,0.1283148000,-0.3521896000,0.4697370000,0.1790325000,-0.4766313000,0.4312455000,0.1362609000,-0.5417905000,0.5984775000,0.1311597000,-0.3215689000,0.4947615000,0.1646118000,-0.4799305000,0.5363685000,0.1282167000,-0.4229162000,0.5175750000,0.1531341000,-0.4031210000,0.5176755000,0.1613745000,-0.3801297000,0.4654155000,0.1377324000,-0.4974575000,0.6265170000,0.1195839000,-0.3998218000,0.5030025000,0.1510740000,-0.4561144000,0.5440065000,0.1449918000,-0.4250813000,0.5461170000,0.1548018000,-0.3537361000,0.5778750000,0.1570581000,-0.4184829000,0.5421975000,0.1378305000,-0.4695174000,0.5847090000,0.1272357000,-0.4805333000,0.5172822000,0.1355360000,-0.4967599000,0.5965029000,0.1474545000,-0.4400695000,0.4829166000,0.1414460000,-0.4766307000,0.6138855000,0.1348465000,-0.4147026000,0.4533462000,0.1706020000,-0.4663607000,0.4954041000,0.1286410000,-0.5016895000,0.5711283000,0.1311035000,-0.3902600000,0.5159835000,0.1929615000,-0.3831737000,0.4983012000,0.1444010000,-0.5762497000,0.5942052000,0.1375060000,-0.4140864000,0.4720275000,0.1431205000,-0.4055623000,0.5744250000,0.1795655000,-0.5616663000,0.6009984000,0.1313005000,-0.5181215000,0.5790204000,0.1313005000,-0.3904654000,0.5280714000,0.1562210000,-0.4887493000,0.5678316000,0.1181015000,-0.3875898000,0.4935060000,0.1400670000,-0.4428424000,0.5647347000,0.1668590000,-0.4103892000,0.4737258000,0.1417415000,-0.4227132000,0.5397597000,0.1273605000,-0.5207917000,0.5732262000,0.1413475000,-0.3816332000,0.5012982000,0.1472575000,-0.5516017000,0.5130864000,0.1518870000,-0.3767036000,0.5128866000,0.1815355000,-0.5368129000,0.6113880000,0.1502125000,-0.3698227000,0.4376619000,0.1763150000,-0.4303130000,0.4956039000,0.1380970000,-0.3941626000,0.5436558000,0.1441055000,-0.4634851000,0.5563431000,0.1339600000
20000,500.00,-0.3843261000,0.6136728000,0.1066947000,-0.4050022000,0.6282744000,0.0796509000,-0.5297861000,0.6312150000,0.0762358800,-0.5620990000,0.6780618000,0.0734426700,-0.4512377000,0.6728904000,0.0848523900,-0.4607965000,0.5655078000,0.0860170500,-0.5129543000,0.6599112000,0.0964693800,-0.3166872000,0.5612490000,0.0948704400,-0.3781960000,0.6327360000,0.0831942300,-0.3464026000,0.5634798000,0.1199205000,-0.3597018000,0.4854018000,0.1000818000,-0.4892651000,0.6831318000,0.0832534500,-0.3705074000,0.6068790000,0.0941005800,-0.4292109000,0.6247254000,0.0884746800,-0.4493675000,0.6090084000,0.0979597500,-0.4056256000,0.5879172000,0.0960252300,-0.3933654000,0.5660148000,0.0871027500,-0.4117557000,0.6785688000,0.0813880200,-0.4132103000,0.6109350000,0.0922548900,-0.4734723000,0.6519006000,0.0901131000,-0.4153922000,0.6736002000,0.0897972600,-0.3943005000,0.6678204000,0.0913665900,-0.3858846000,0.6487572000,0.0915738600,-0.4486402000,0.6769464000,0.0787922100,-0.5038228000,0.6396484000,0.0844272000,-0.4814124000,0.7010932000,0.0910003200,-0.4791508000,0.5910548000,0.0875563200,-0.4379280000,0.7072176000,0.0820360800,-0.3834440000,0.5661556000,0.1029264000,-0.4511892000,0.5876412000,0.0802845600,-0.4631140000,0.6423592000,0.0796843200,-0.3610336000,0.5983840000,0.1157184000,-0.3545572000,0.5809144000,0.0934701600,-0.5609796000,0.6898484000,0.0831578400,-0.4557124000,0.5782036000,0.0920728800,-0.3950604000,0.6259940000,0.1136520000,-0.5272612000,0.7021976000,0.0839056800,-0.5161588000,0.6924588000,0.0805896000,-0.3863224000,0.6534032000,0.0996792000,-0.5124580000,0.6728808000,0.0714876000,-0.4243584000,0.6483832000,0.0914628000,-0.4231248000,0.6248896000,0.1029264000,-0.4191156000,0.5395496000,0.0806781600,-0.4193212000,0.6222792000,0.0817113600,-0.4966268000,0.6684632000,0.0857162400,-0.3680240000,0.5737860000,0.0906657600,-0.5777360000,0.6179620000,0.0959301600,-0.3599028000,0.5587260000,0.1069608000,-0.4957016000,0.6911536000,0.0914824800,-0.4866552000,0.5681636000,0.1035168000,-0.4221996000,0.5936652000,0.0861688800,-0.3772760000,0.6235844000,0.0902820000,-0.4078076000,0.6505920000,0.0836892000
19750,506.33,-0.3783312000,0.7295512000,0.0651187800,-0.3589296000,0.7257284000,0.0484712100,-0.4944312000,0.7265332000,0.0432719100,-0.4829760000,0.7406172000,0.0470683800,-0.4150704000,0.7732116000,0.0452927700,-0.4199208000,0.6701972000,0.0529740000,-0.4491264000,0.7438364000,0.0494816400,-0.3754416000,0.6826716000,0.0520322400,-0.3343680000,0.7256278000,0.0474705900,-0.3507768000,0.6778428000,0.0695529000,-0.4050600000,0.6390112000,0.0674633700,-0.4913352000,0.8062084000,0.0476275500,-0.2955648000,0.6904178000,0.0606356100,-0.4239456000,0.7401142000,0.0483829200,-0.4152768000,0.7458484000,0.0604492200,-0.3843168000,0.7182840000,0.0595957500,-0.3826656000,0.6854884000,0.0505411200,-0.4389096000,0.7969532000,0.0408586500,-0.3887544000,0.7132540000,0.0543670200,-0.3730680000,0.7187870000,0.0498544200,-0.3942240000,0.7462508000,0.0558483300,-0.3457200000,0.7882010000,0.0547201800,-0.3684240000,0.7277404000,0.0489617100,-0.4131096000,0.7652642000,0.0433798200,-0.4736016000,0.7330323000,0.0513586000,-0.4256874000,0.7781774000,0.0503176800,-0.4292784000,0.7124117000,0.0554339000,-0.4050648000,0.8075067000,0.0461245400,-0.4199418000,0.7402395000,0.0578692600,-0.4243536000,0.6840834000,0.0484617000,-0.4184028000,0.7502495000,0.0494338800,-0.3641274000,0.7140133000,0.0710280600,-0.3769524000,0.7126119000,0.0523307800,-0.5160780000,0.7784777000,0.0473422200,-0.3817746000,0.6739733000,0.0564748200,-0.3547908000,0.7636629000,0.0666876200,-0.4879656000,0.8024016000,0.0478921400,-0.4605714000,0.7665658000,0.0458692200,-0.3418632000,0.7273266000,0.0606876000,-0.4391280000,0.7736729000,0.0421572600,-0.3579714000,0.7231224000,0.0563668000,-0.4310226000,0.7693686000,0.0602849800,-0.3998322000,0.6645639000,0.0533324200,-0.3587922000,0.7103096000,0.0452211000,-0.4825278000,0.7607600000,0.0501998400,-0.3492504000,0.7011004000,0.0564257200,-0.5370084000,0.7391384000,0.0590280200,-0.3643326000,0.7174167000,0.0681508000,-0.4626234000,0.7836829000,0.0507104800,-0.4224042000,0.6945939000,0.0681999000,-0.3923424000,0.7199192000,0.0527628600,-0.3560220000,0.7445438000,0.0516826600,-0.4107078000,0.7500493000,0.0487563000
19500,512.82,-0.3236144000,0.8401393000,0.0297154200,-0.2787936000,0.8112104000,0.0243833800,-0.4109944000,0.8100092000,0.0219800700,-0.3682296000,0.8787779000,0.0244709500,-0.3152876000,0.8627619000,0.0247433900,-0.3660708000,0.7854847000,0.0268742600,-0.3600056000,0.8646638000,0.0323230600,-0.2335616000,0.7778771000,0.0298321800,-0.2803356000,0.8387379000,0.0229725300,-0.2143380000,0.7503496000,0.0389589200,-0.3390344000,0.7626619000,0.0326246900,-0.3625756000,0.8350342000,0.0232936200,-0.2755040000,0.8285277000,0.0281099700,-0.3308104000,0.8678670000,0.0242471600,-0.3410904000,0.8451443000,0.0299489400,-0.3135400000,0.8108100000,0.0304840900,-0.3158016000,0.7751744000,0.0260180200,-0.3201192000,0.8802794000,0.0234298400,-0.3035684000,0.8269261000,0.0291510800,-0.3263900000,0.8353345000,0.0253661100,-0.3069608000,0.8693685000,0.0268839900,-0.2860924000,0.8510502000,0.0256288200,-0.2995592000,0.8557549000,0.0237412000,-0.3090168000,0.8388380000,0.0210654500,-0.3675633000,0.8469906000,0.0268969800,-0.3264833000,0.8947860000,0.0268380600,-0.3603743000,0.8119206000,0.0266809400,-0.3166241000,0.8923812000,0.0218298600,-0.2669173000,0.7966902000,0.0414796800,-0.3542123000,0.8371710000,0.0253454200,-0.3521583000,0.8704374000,0.0248053200,-0.2701010000,0.8363694000,0.0381114200,-0.2782143000,0.8325618000,0.0298233400,-0.3868709000,0.8706378000,0.0236269200,-0.3156998000,0.8194356000,0.0297840600,-0.2799602000,0.8479926000,0.0331130400,-0.3739307000,0.8740446000,0.0238920600,-0.3865628000,0.8979924000,0.0232734000,-0.2938247000,0.8483934000,0.0302456000,-0.3481530000,0.8423814000,0.0215549000,-0.3232996000,0.8613192000,0.0283994400,-0.3203213000,0.8702370000,0.0315909400,-0.3235050000,0.7991952000,0.0259346200,-0.3025542000,0.8432832000,0.0232046600,-0.3283319000,0.8328624000,0.0284485400,-0.2957760000,0.8322612000,0.0303929000,-0.4570150000,0.8677320000,0.0286547600,-0.2722577000,0.7901772000,0.0349297400,-0.3635580000,0.8390748000,0.0262881400,-0.3756766000,0.8503974000,0.0370312200,-0.2976246000,0.8292552000,0.0278200600,-0.2784197000,0.8409786000,0.0290475600,-0.3349047000,0.8485938000,0.0228216800
19250,519.48,-0.2096023000,0.9572625000,0.0092100400,-0.1622794000,0.9644985000,0.0090375600,-0.2550694000,0.9363585000,0.0085054200,-0.2687817000,0.9445995000,0.0079252600,-0.1595988000,0.9505290000,0.0096657400,-0.2122829000,0.9049020000,0.0108192000,-0.1807343000,0.9155550000,0.0104076000,-0.1955807000,0.9447000000,0.0102998000,-0.1575368000,0.9301275000,0.0099078000,-0.1146472000,0.8864100000,0.0167580000,-0.2323874000,0.9150525000,0.0107996000,-0.1846521000,0.9655035000,0.0092227800,-0.1406284000,0.9192735000,0.0127106000,-0.2264076000,0.9024900000,0.0101332000,-0.2174379000,0.9434940000,0.0120638000,-0.1974365000,0.9458055000,0.0131320000,-0.1947559000,0.9039975000,0.0099764000,-0.1950652000,1.0070100000,0.0088170600,-0.1732080000,0.9126405000,0.0115346000,-0.1630011000,0.9228915000,0.0100156000,-0.1717646000,0.9523380000,0.0109662000,-0.1531035000,0.9641970000,0.0116718000,-0.1530004000,0.9572625000,0.0110838000,-0.1925908000,0.9368610000,0.0083192200,-0.2347008000,0.9198000000,0.0091500800,-0.2158592000,1.0100000000,0.0087773720,-0.2034688000,0.9146000000,0.0102445400,-0.1998848000,0.9506000000,0.0077588340,-0.2114560000,0.9586000000,0.0116643800,-0.2055168000,0.9355000000,0.0097614000,-0.2283520000,1.0020000000,0.0082863440,-0.1898496000,0.9325000000,0.0149576200,-0.1770496000,0.9341000000,0.0120390600,-0.2300928000,0.9567000000,0.0084894600,-0.1924096000,0.9456000000,0.0113390000,-0.1937408000,0.9886000000,0.0127785600,-0.2325504000,0.9405000000,0.0101952400,-0.2059264000,0.9520000000,0.0090307740,-0.1686528000,0.9497000000,0.0115460600,-0.2147328000,0.9601000000,0.0073151340,-0.2586624000,0.9305000000,0.0117136800,-0.2045952000,0.9439000000,0.0111122200,-0.1885184000,0.9190000000,0.0103727200,-0.1927168000,0.9279000000,0.0083464900,-0.2269184000,0.9524000000,0.0083455040,-0.1815552000,0.9274000000,0.0111713800,-0.2902016000,0.9534000000,0.0111122200,-0.1586176000,0.9343000000,0.0140505000,-0.1949696000,0.9483000000,0.0102346800,-0.2158592000,0.9250000000,0.0119010200,-0.2075648000,0.9328000000,0.0110826400,-0.1828864000,0.9616000000,0.0103234200,-0.2315264000,0.9037000000,0.0084529780
19000,526.32,0.0000000000,1.0000000000,0.0000000000,0.0000000000,1.0000000000,0.0000000000,0.0000000000,1.0000000000,0.0000000000,0.0000000000,1.0000000000,0.0000000000,0.0000000000,1.0000000000,0.0000000000,0.0000000000,1.0000000000,0.0000000000,0.0000000000,1.0000000000,0.0000000000,0.0000000000,1.0000000000,0.0000000000,0.0000000000,1.0000000000,0.0000000000,0.0000000000,1.0000000000,0.0000000000,0.0000000000,1.0000000000,0.0000000000,0.0000000000,1.0000000000,0.0000000000,0.0000000000,1.0000000000,0.0000000000,0.0000000000,1.0000000000,0.0000000000,0.0000000000,1.0000000000,0.0000000000,0.0000000000,1.0000000000,0.0000000000,0.0000000000,1.0000000000,0.0000000000,0.0000000000,1.0000000000,0.0000000000,0.0000000000,1.0000000000,0.0000000000,0.0000000000,1.0000000000,0.0000000000,0.0000000000,1.0000000000,0.0000000000,0.0000000000,1.0000000000,0.0000000000,0.0000000000,1.0000000000,0.0000000000,0.0000000000,1.0000000000,0.0000000000,0.0000000000,1.0000000000,0.0000000000,0.0000000000,1.0000000000,0.0000000000,0.0000000000,1.0000000000,0.0000000000,0.0000000000,1.0000000000,0.0000000000,0.0000000000,1.0000000000,0.0000000000,0.0000000000,1.0000000000,0.0000000000,0.0000000000,1.0000000000,0.0000000000,0.0000000000,1.0000000000,0.0000000000,0.0000000000,1.0000000000,0.0000000000,0.0000000000,1.0000000000,0.0000000000,0.0000000000,1.0000000000,0.0000000000,0.0000000000,1.0000000000,0.0000000000,0.0000000000,1.0000000000,0.0000000000,0.0000000000,1.0000000000,0.0000000000,0.0000000000,1.0000000000,0.0000000000,0.0000000000,1.0000000000,0.0000000000,0.0000000000,1.0000000000,0.0000000000,0.0000000000,1.0000000000,0.0000000000,0.0000000000,1.0000000000,0.0000000000,0.0000000000,1.0000000000,0.0000000000,0.0000000000,1.0000000000,0.0000000000,0.0000000000,1.0000000000,0.0000000000,0.0000000000,1.0000000000,0.0000000000,0.0000000000,1.0000000000,0.0000000000,0.0000000000,1.0000000000,0.0000000000,0.0000000000,1.0000000000,0.0000000000,0.0000000000,1.0000000000,0.0000000000,0.0000000000,1.0000000000,0.0000000000,0.0000000000,1.0000000000,0.0000000000
18750,533.33,0.2037161000,1.0332650000,-0.0070249100,0.2394646000,1.0431150000,-0.0027561480,0.2540661000,1.0145500000,-0.0048568940,0.2010979000,1.0253850000,-0.0062349680,0.2280855000,1.0372050000,-0.0049107100,0.2584969000,1.0332650000,-0.0069364980,0.2548717000,0.9631330000,-0.0035499340,0.1819649000,1.0421300000,-0.0070566230,0.2163036000,1.0086400000,-0.0045445690,0.2438954000,1.0007600000,-0.0058851640,0.3659438000,1.0421300000,-0.0056497190,0.2337247000,1.0736500000,-0.0047108220,0.2151959000,1.0273550000,-0.0058313480,0.2736019000,1.0322800000,-0.0064406220,0.2064350000,1.0756200000,-0.0075611480,0.2270785000,1.0500100000,-0.0072843800,0.2864915000,1.0342500000,-0.0059879910,0.2314086000,1.0401600000,-0.0044177170,0.2356380000,1.0391750000,-0.0066510810,0.2537640000,1.0194750000,-0.0045935800,0.2720914000,1.0214450000,-0.0034173160,0.2377527000,1.0273550000,-0.0038680250,0.2235540000,1.0352350000,-0.0068163730,0.2294953000,1.0224300000,-0.0049116710,0.2206890000,1.0480000000,-0.0073082320,0.2080782000,1.0540000000,-0.0037931420,0.2541483000,1.0200000000,-0.0065233760,0.2263842000,1.0260000000,-0.0041037320,0.2087901000,1.0790000000,-0.0081660520,0.2599452000,1.0530000000,-0.0064967540,0.2570976000,1.0010000000,-0.0048846440,0.1938402000,1.0390000000,-0.0071997720,0.2741832000,1.0180000000,-0.0037724360,0.2589282000,1.0210000000,-0.0043689660,0.2689965000,1.0260000000,-0.0058578260,0.2158074000,1.0590000000,-0.0075537460,0.2472327000,1.0550000000,-0.0040278100,0.2603520000,1.0380000000,-0.0040879560,0.1960776000,1.0430000000,-0.0060974240,0.3078459000,1.0390000000,-0.0033366240,0.2112309000,1.0300000000,-0.0061644720,0.2257740000,1.0420000000,-0.0058400780,0.2626911000,1.0220000000,-0.0068783360,0.2403171000,1.0040000000,-0.0049230980,0.2552670000,1.0640000000,-0.0050187400,0.2151972000,1.0500000000,-0.0073289380,0.3375423000,1.0340000000,-0.0043788260,0.2462157000,1.0280000000,-0.0078436300,0.2647251000,1.0240000000,-0.0043423440,0.2750985000,1.0360000000,-0.0066042280,0.2772342000,1.0350000000,-0.0047890020,0.2402154000,1.0230000000,-0.0051390320,0.2557755000,0.9919000000,-0.0036472140
18500,540.54,0.4393500000,1.0504600000,-0.0093634640,0.4737910000,1.0246940000,-0.0083780400,0.5864060000,0.9979370000,-0.0080179440,0.5715590000,1.0613610000,-0.0072832320,0.5190390000,1.0564060000,-0.0082154160,0.8240590000,1.1396500000,-0.0105608800,0.6483190000,1.0276670000,-0.0081195840,0.4981320000,1.0762260000,-0.0083131840,0.4831840000,1.0762260000,-0.0069908960,0.5261090000,1.0593790000,-0.0087236160,0.6053940000,1.0881180000,-0.0137456000,0.5213620000,1.1138840000,-0.0080634400,0.4827800000,1.0742440000,-0.0090943600,0.5866080000,1.0425320000,-0.0090537040,0.5449960000,1.1208210000,-0.0111900800,0.5340880000,1.0653250000,-0.0098252000,0.5712560000,1.0564060000,-0.0080324640,0.5656000000,1.0851450000,-0.0060848480,0.5393400000,1.1019920000,-0.0104060000,0.6035760000,1.0583880000,-0.0076017040,0.6740740000,1.1247850000,-0.0058989920,0.4810630000,1.0425320000,-0.0073703520,0.5022730000,1.0613610000,-0.0096800000,0.5192410000,1.0603700000,-0.0072754880,0.6207564000,1.0418650000,-0.0074734800,0.5241852000,1.0488440000,-0.0089012640,0.5858721000,1.0438590000,-0.0095457840,0.5446452000,1.0598110000,-0.0067226880,0.5952837000,1.0348860000,-0.0085775280,0.5838261000,1.0548260000,-0.0079458000,0.5554890000,1.0179370000,-0.0066154320,0.4837767000,1.0318950000,-0.0114439200,0.5434176000,1.0677870000,-0.0072520800,0.6380451000,1.0448560000,-0.0074016480,0.5850537000,1.0378770000,-0.0088904400,0.4984056000,1.0498410000,-0.0114045600,0.5910894000,1.0099610000,-0.0054503760,0.5807571000,1.0608080000,-0.0066646320,0.4646466000,1.0558230000,-0.0085893360,0.6033654000,1.0149460000,-0.0058784160,0.4870503000,1.0578170000,-0.0086296800,0.5276634000,1.0458530000,-0.0092761680,0.5895549000,1.0508380000,-0.0100466400,0.5676627000,1.0528320000,-0.0071438400,0.6472521000,1.0308980000,-0.0061519680,0.4818330000,1.0528320000,-0.0103123200,0.7370715000,1.0408680000,-0.0082291920,0.5490441000,1.0368800000,-0.0119260800,0.5861790000,1.0139490000,-0.0064363440,0.6303726000,1.0518350000,-0.0100466400,0.5699133000,1.0149460000,-0.0082567440,0.4838790000,1.0129520000,-0.0064343760,0.5921124000,1.0069700000,-0.0059177760
18250,547.95,0.7845950000,1.0228920000,-0.0110435500,0.8186990000,1.0298640000,-0.0112965300,1.0103310000,1.0059600000,-0.0077012950,0.9150225000,1.0139280000,-0.0075329660,0.8314880000,1.0189080000,-0.0092464190,0.9960195000,1.0059600000,-0.0106640800,0.9746030000,0.9550644000,-0.0083707190,0.7727195000,1.0428120000,-0.0120846600,0.7861175000,1.0348440000,-0.0083366640,0.8107820000,0.9774744000,-0.0101581200,1.2941250000,1.1075520000,-0.0161128800,0.8161615000,1.0388280000,-0.0079873570,0.7437920000,1.0607400000,-0.0085429400,0.9592765000,1.0577520000,-0.0093777740,0.8606185000,1.0766760000,-0.0132133400,0.8656935000,1.0458000000,-0.0128144100,0.9189810000,0.9711996000,-0.0096404840,0.8977675000,1.0597440000,-0.0079270310,0.8116955000,1.0408200000,-0.0124835900,0.8428560000,0.9896256000,-0.0096755120,0.9359315000,1.0089480000,-0.0083600160,0.7719075000,1.0278720000,-0.0080924410,0.7973840000,1.0716960000,-0.0113743700,0.8438710000,1.0308600000,-0.0079688700,0.9786283000,0.9916162000,-0.0095380490,0.8288917000,1.0119550000,-0.0119827700,0.9405266000,1.0089640000,-0.0099577900,0.8744905000,0.9922144000,-0.0075189670,1.0783500000,1.0737690000,-0.0107245300,0.9651746000,1.0079670000,-0.0088814050,0.9220406000,0.9837399000,-0.0070893960,0.7636772000,1.0299010000,-0.0129854300,0.9011925000,1.0358830000,-0.0086966010,1.0067680000,0.9885255000,-0.0075877770,0.9793472000,1.0318950000,-0.0101642200,0.8230378000,1.0538290000,-0.0126512100,0.9764716000,0.9932114000,-0.0066578590,0.9833525000,1.0109580000,-0.0071759000,0.7240350000,1.0209280000,-0.0106753800,1.0331620000,0.9945075000,-0.0064298030,0.7560774000,1.0159430000,-0.0101150700,0.8685339000,1.0229220000,-0.0115600800,0.8922576000,0.9876282000,-0.0104394600,0.8857875000,0.9755645000,-0.0078512210,1.0145730000,0.9683861000,-0.0063855680,0.7627529000,1.0259130000,-0.0118254900,1.1204570000,1.0069700000,-0.0095390320,0.8435778000,1.0089640000,-0.0123759700,1.0054330000,0.9844378000,-0.0073282650,1.0091300000,1.0019850000,-0.0119336200,0.9427860000,0.9774588000,-0.0087054480,0.8189298000,1.0149460000,-0.0094544940,0.9127976000,0.9900210000,-0.0067188050
18000,555.56,1.1529210000,0.9482175000,-0.0116032000,1.1539440000,0.9515340000,-0.0098392000,1.3616130000,0.9224895000,-0.0083182400,1.3483140000,0.9447000000,-0.0084623000,1.1651970000,0.9723375000,-0.0101332000,1.6153170000,0.9698250000,-0.0114758000,1.4127630000,0.9069120000,-0.0066228400,1.1733810000,0.9963570000,-0.0114464000,1.1355300000,1.0070100000,-0.0088954600,1.1897490000,0.9634935000,-0.0117208000,1.7073870000,1.0100250000,-0.0130438000,1.2081630000,1.0050000000,-0.0090267800,1.1191620000,0.9974625000,-0.0093688000,1.3963950000,0.9717345000,-0.0101430000,1.2552210000,1.0351500000,-0.0129262000,1.2112320000,0.9744480000,-0.0118482000,1.2818190000,0.9259065000,-0.0095657800,1.2695430000,0.9749505000,-0.0079909200,1.1989560000,0.9791715000,-0.0114072000,1.3820730000,0.9624885000,-0.0081349800,1.4148090000,1.0080150000,-0.0088739000,1.1385990000,0.9722370000,-0.0086877000,1.0894950000,0.9941460000,-0.0116914000,1.2470370000,0.9708300000,-0.0078899800,1.4100010000,0.9455548000,-0.0099086400,1.2507250000,0.9653951000,-0.0106655500,1.3303630000,0.9353854000,-0.0105181000,1.3079010000,0.9776582000,-0.0075101200,1.3752870000,0.9823441000,-0.0101249000,1.3660980000,0.9594131000,-0.0093443980,1.2844180000,0.9177385000,-0.0079878580,1.1343310000,1.0009880000,-0.0129166200,1.3160690000,0.9792534000,-0.0083437040,1.4549250000,0.9331920000,-0.0080271780,1.4079590000,0.9927129000,-0.0100364300,1.1639400000,0.9870300000,-0.0130444100,1.4110220000,0.9358839000,-0.0068888640,1.3936650000,0.9613074000,-0.0074275480,1.0802180000,0.9944078000,-0.0108424900,1.4957650000,0.9476485000,-0.0065939640,1.1088060000,0.9627032000,-0.0099479600,1.2752290000,0.9979970000,-0.0104296300,1.3181110000,0.9312977000,-0.0106164000,1.2588930000,0.9551260000,-0.0082886560,1.4835130000,0.9338899000,-0.0069714360,1.1149320000,0.9818456000,-0.0121203900,1.6897550000,0.9736702000,-0.0098300000,1.2200950000,0.9649963000,-0.0137816600,1.3997910000,0.9549266000,-0.0077283460,1.5161850000,0.9645975000,-0.0112062000,1.3763080000,0.9539296000,-0.0095272360,1.1659820000,0.9417662000,-0.0096127570,1.3640560000,0.9449566000,-0.0071296990
17750,563.38,1.5498450000,0.8857849000,-0.0109214400,1.5836040000,0.8829821000,-0.0084502080,1.8966420000,0.8517509000,-0.0074605440,1.8536760000,0.8327319000,-0.0071365120,1.5580290000,0.8808800000,-0.0097248640,1.9160790000,0.8331323000,-0.0110580800,1.8772050000,0.8038030000,-0.0052664960,1.6337310000,0.9488479000,-0.0127172800,1.4946030000,0.8988980000,-0.0082286560,1.4761890000,0.8725717000,-0.0125220800,2.5288560000,0.8450442000,-0.0145912000,1.5692820000,0.9430421000,-0.0073785600,1.4107170000,0.9394385000,-0.0068163840,1.9078950000,0.8998990000,-0.0098576000,1.6869270000,0.9362353000,-0.0125806400,1.6777200000,0.8973965000,-0.0099356800,1.7493300000,0.8394386000,-0.0081056800,1.7165940000,0.8710702000,-0.0072594880,1.6163400000,0.8866858000,-0.0102772800,1.7861580000,0.8449441000,-0.0073805120,1.6910190000,0.8727719000,-0.0090797280,1.5334770000,0.8989981000,-0.0091246240,1.5488220000,0.8845837000,-0.0094379200,1.6531680000,0.8798790000,-0.0076489120,1.8846800000,0.8559624000,-0.0100944900,1.6103600000,0.8456040000,-0.0090359910,1.8084800000,0.8312616000,-0.0088535250,1.7089120000,0.8952048000,-0.0070200360,1.8907760000,0.9464988000,-0.0097913610,1.9212560000,0.8900256000,-0.0088937460,1.8176240000,0.8093496000,-0.0059262210,1.5412720000,0.9126348000,-0.0120368700,1.7393920000,0.8931132000,-0.0090820980,1.9781520000,0.8321580000,-0.0071289270,1.8846800000,0.8915196000,-0.0092979180,1.6469360000,0.9635304000,-0.0132336900,1.8765520000,0.8760816000,-0.0066551040,1.9182080000,0.8361420000,-0.0064510560,1.4406880000,0.9095472000,-0.0098884800,1.9466560000,0.8431140000,-0.0057280590,1.5128240000,0.8875356000,-0.0095892750,1.6692880000,0.8972964000,-0.0104280300,1.8633440000,0.8953044000,-0.0107910000,1.7068800000,0.8452056000,-0.0074869920,1.9751040000,0.8565600000,-0.0066443130,1.5524480000,0.9196068000,-0.0110068200,2.1468080000,0.8959020000,-0.0111343500,1.6032480000,0.8768784000,-0.0123311700,1.9730720000,0.8741892000,-0.0068140260,2.0350480000,0.8694084000,-0.0108302400,1.8369280000,0.8691096000,-0.0083816640,1.5839440000,0.8673168000,-0.0089898840,1.8064480000,0.8599464000,-0.0061106490
17500,571.43,1.9668780000,0.7517225000,-0.0090001990,1.9831500000,0.7335140000,-0.0081787330,2.4438510000,0.7199820000,-0.0062076030,2.3238450000,0.7380910000,-0.0087623040,1.9506060000,0.7448570000,-0.0091652690,2.7174240000,0.6904305000,-0.0081233860,2.3340150000,0.6985895000,-0.0060308810,2.0665440000,0.7684385000,-0.0081447480,1.9190790000,0.7975920000,-0.0068455500,2.0024730000,0.7643590000,-0.0098459400,2.5953840000,0.7590855000,-0.0095565820,2.1794310000,0.7761000000,-0.0078728680,1.8845010000,0.7717220000,-0.0083350640,2.4204600000,0.7766970000,-0.0085826690,2.2038390000,0.8225665000,-0.0105644800,2.0634930000,0.7523195000,-0.0095109450,2.1794310000,0.7339120000,-0.0071446180,2.1916350000,0.7763985000,-0.0075805970,2.0828160000,0.7689360000,-0.0090594300,2.2140090000,0.7003805000,-0.0054172090,2.5140240000,0.8142085000,-0.0054074990,1.8509400000,0.7416730000,-0.0081418350,1.8997560000,0.7640605000,-0.0092555720,2.1031560000,0.7517225000,-0.0069436210,2.3883200000,0.7377468000,-0.0078133990,2.2081840000,0.7545454000,-0.0066640530,2.3660560000,0.7533526000,-0.0084947830,2.2496760000,0.7750218000,-0.0061608470,2.3488520000,0.7624974000,-0.0082794030,2.5208920000,0.7620998000,-0.0067178980,2.2415800000,0.7317828000,-0.0066591580,1.9906040000,0.7860552000,-0.0107983700,2.1292480000,0.7704494000,-0.0073885130,2.4986280000,0.7208488000,-0.0064829380,2.5340480000,0.8111040000,-0.0088824670,2.0786480000,0.8061340000,-0.0101620200,2.3994520000,0.7516628000,-0.0056948430,2.3812360000,0.7664734000,-0.0060639260,1.9298840000,0.8021580000,-0.0079739550,2.5421440000,0.7335720000,-0.0049165380,2.0493000000,0.7866516000,-0.0078966140,2.1454400000,0.7801906000,-0.0090077790,2.2456280000,0.7343672000,-0.0087405120,2.2415800000,0.7589190000,-0.0065563630,2.5573240000,0.7384426000,-0.0072211040,1.9642920000,0.7779044000,-0.0095521030,2.7344240000,0.7112070000,-0.0093749040,2.0756120000,0.7582232000,-0.0120808600,2.4713040000,0.7616028000,-0.0065475520,2.5087480000,0.7823774000,-0.0101130700,2.3954040000,0.7707476000,-0.0088070840,2.2264000000,0.8008658000,-0.0094718250,2.2395560000,0.7326774000,-0.0048724830
17250,579.71,2.3345280000,0.5964314000,-0.0076341840,2.3214240000,0.5762184000,-0.0061033110,2.8344960000,0.5691192000,-0.0053940930,2.6016480000,0.5423986000,-0.0079935980,2.4040800000,0.6057984000,-0.0066606910,2.7961920000,0.5607382000,-0.0082924690,2.7961920000,0.5495964000,-0.0046329810,2.5270560000,0.6353784000,-0.0094735380,2.2085280000,0.6459286000,-0.0065866940,2.4948000000,0.6313358000,-0.0075697970,3.2074560000,0.5137060000,-0.0081233330,2.6147520000,0.6261100000,-0.0057016130,2.1883680000,0.6809316000,-0.0065982260,2.8838880000,0.6213772000,-0.0068394370,2.5895520000,0.6413930000,-0.0091823550,2.5522560000,0.6126018000,-0.0095677160,2.5542720000,0.5413140000,-0.0061753860,2.6026560000,0.5879518000,-0.0051903610,2.4060960000,0.5996852000,-0.0077668020,2.7135360000,0.5793736000,-0.0053518090,2.5230240000,0.5970230000,-0.0062705250,2.3476320000,0.6098410000,-0.0047261980,2.2851360000,0.6030376000,-0.0079474700,2.4534720000,0.5828246000,-0.0056497190,2.7944250000,0.5726310000,-0.0070381240,2.5839620000,0.5998285000,-0.0081367960,2.8044950000,0.5896418000,-0.0066232000,2.6101440000,0.6199052000,-0.0047443540,2.9021740000,0.6397841000,-0.0067186520,2.9172790000,0.6098174000,-0.0056871860,2.7632080000,0.5675871000,-0.0047657820,2.4651360000,0.6340479000,-0.0086257440,2.6554590000,0.6018065000,-0.0066874840,2.9424540000,0.5692684000,-0.0048573380,2.8971390000,0.6178283000,-0.0066748220,2.6000740000,0.6644102000,-0.0081173160,2.8689430000,0.6113009000,-0.0051602520,2.7058090000,0.5908286000,-0.0049732440,2.2315120000,0.6400808000,-0.0071861720,2.9605800000,0.5811364000,-0.0043985840,2.5809410000,0.6470038000,-0.0068618300,2.6846620000,0.6492785000,-0.0069056600,2.7531380000,0.6119932000,-0.0075855120,2.5900040000,0.5908286000,-0.0051923940,2.7219210000,0.5550268000,-0.0039632060,2.3815550000,0.6338501000,-0.0084621120,3.3674080000,0.5930044000,-0.0064732040,2.5054160000,0.6266304000,-0.0091039780,3.0119370000,0.6150591000,-0.0051592780,2.9857550000,0.5958725000,-0.0077413520,2.8246350000,0.6189162000,-0.0060280860,2.4560730000,0.6129822000,-0.0063826220,2.4943390000,0.5522576000,-0.0045135160
17000,588.24,2.7580080000,0.4505086000,-0.0064347000,2.7115020000,0.4474365000,-0.0052277720,3.0208680000,0.4056163000,-0.0053116400,2.8297890000,0.3905531000,-0.0097074800,2.8004700000,0.4624997000,-0.0058023160,3.5081700000,0.3799494000,-0.0048980840,3.0673740000,0.3945171000,-0.0055854160,2.9066250000,0.4755809000,-0.0076136720,2.7024030000,0.5094731000,-0.0054138240,2.7984480000,0.4697340000,-0.0062197280,3.5506320000,0.3690484000,-0.0058399120,3.0067140000,0.4777611000,-0.0051487240,2.5244670000,0.4893558000,-0.0051737880,3.1654410000,0.4450581000,-0.0060327120,3.0137910000,0.4907432000,-0.0077447760,2.8489980000,0.4639862000,-0.0061406800,2.8985370000,0.4144362000,-0.0054417800,2.7893490000,0.4339589000,-0.0060163240,2.8267560000,0.4661664000,-0.0062052680,3.1078140000,0.4443644000,-0.0045028440,3.1401660000,0.4584366000,-0.0038569640,2.6286000000,0.4515987000,-0.0049482120,2.6195010000,0.4514996000,-0.0065176040,2.8318110000,0.4458509000,-0.0050185840,3.1799660000,0.4323696000,-0.0062048800,2.9546220000,0.4472280000,-0.0066172480,3.2866020000,0.4535256000,-0.0052426880,3.0874140000,0.4708440000,-0.0035186800,3.1980740000,0.4829472000,-0.0054788800,3.3620520000,0.4551984000,-0.0040510800,3.1829840000,0.4530336000,-0.0039020080,2.8097580000,0.4744848000,-0.0064459120,2.9898320000,0.4587408000,-0.0048835600,3.3771420000,0.4340424000,-0.0035535280,3.2463620000,0.4755672000,-0.0055824560,2.8932560000,0.4932792000,-0.0068321440,3.3519920000,0.4490976000,-0.0036861440,3.1709120000,0.4471296000,-0.0038206960,2.6699240000,0.4833408000,-0.0052697920,3.3741240000,0.4294176000,-0.0034867360,2.8459740000,0.4786176000,-0.0051555680,3.0572340000,0.4826520000,-0.0054120880,3.2584340000,0.4754688000,-0.0054701680,2.9928500000,0.4453584000,-0.0040181680,3.2604460000,0.4293192000,-0.0046231680,2.7916500000,0.4831440000,-0.0058254240,3.8107280000,0.4463424000,-0.0052301040,2.8379260000,0.4734024000,-0.0072077280,3.3711060000,0.4606104000,-0.0042117680,3.4646640000,0.4615944000,-0.0057208800,3.1638700000,0.4614960000,-0.0050345680,2.7634820000,0.4607088000,-0.0056279520,2.9747420000,0.4252848000,-0.0034364000
16750,597.01,2.9928500000,0.3049698000,-0.0039292800,2.8469800000,0.2990538000,-0.0043593600,3.2644700000,0.2755870000,-0.0041942400,3.0974740000,0.2601068000,-0.0073833600,3.0089460000,0.3115760000,-0.0048902400,3.6376960000,0.2549796000,-0.0036748800,3.1588400000,0.2570502000,-0.0046166400,3.1115580000,0.3207458000,-0.0056755200,2.8107640000,0.3449028000,-0.0047875200,2.9163940000,0.3074348000,-0.0048048000,3.5733120000,0.2444294000,-0.0042720000,3.3751300000,0.3310988000,-0.0029174400,2.7232420000,0.3348456000,-0.0041712000,3.3469620000,0.3006314000,-0.0037660800,3.1276540000,0.3288310000,-0.0060777600,2.9666940000,0.3081250000,-0.0039849600,3.1467680000,0.2853484000,-0.0033830400,2.9767540000,0.2932364000,-0.0042873600,3.0210180000,0.3168018000,-0.0047481600,3.2513920000,0.2972790000,-0.0030508800,3.2554160000,0.3039838000,-0.0026304000,2.9002980000,0.3148298000,-0.0033619200,2.8198180000,0.3070404000,-0.0040185600,3.0340960000,0.3037866000,-0.0038889600,3.3680740000,0.2917522000,-0.0042717220,3.0932520000,0.2973496000,-0.0048762200,3.3861280000,0.3049110000,-0.0035263980,3.1363810000,0.3107048000,-0.0029889600,3.3730890000,0.3336836000,-0.0039718680,3.5024760000,0.3078570000,-0.0028318480,3.4703800000,0.3177752000,-0.0026862320,2.9006760000,0.3154184000,-0.0039757000,3.1765010000,0.3164986000,-0.0032533680,3.4232390000,0.2894936000,-0.0024342780,3.4192270000,0.3290682000,-0.0037544020,2.9889400000,0.3351566000,-0.0050007600,3.4011730000,0.2990190000,-0.0032054680,3.1895400000,0.2874314000,-0.0035187340,2.9006760000,0.3336836000,-0.0037132080,3.5285540000,0.2946000000,-0.0019370760,2.8735950000,0.3090354000,-0.0037524860,3.2266510000,0.3418342000,-0.0037362000,3.4102000000,0.3273988000,-0.0040427600,3.1203330000,0.3036344000,-0.0027197620,3.3048850000,0.2818340000,-0.0036183660,2.9357810000,0.3266132000,-0.0039594140,3.8114000000,0.2949928000,-0.0037409900,2.9628620000,0.3140436000,-0.0051099720,3.5476110000,0.3216050000,-0.0031470300,3.3791070000,0.2957784000,-0.0042286120,3.1484170000,0.3022596000,-0.0033913200,2.8104060000,0.3006884000,-0.0041050300,2.9448080000,0.2815394000,-0.0024812200
16500,606.06,2.8959840000,0.1802408000,-0.0025820080,2.7891360000,0.1761982000,-0.0030822480,3.2215680000,0.1595348000,-0.0026733980,2.9443680000,0.1468154000,-0.0050966760,2.9352960000,0.1831002000,-0.0037181300,3.4201440000,0.1489846000,-0.0025964380,3.0159360000,0.1508580000,-0.0031053360,3.0602880000,0.1878330000,-0.0036738780,2.7316800000,0.2086376000,-0.0039913380,2.9846880000,0.1875372000,-0.0025887420,3.3465600000,0.1399134000,-0.0032823440,3.1812480000,0.1864526000,-0.0023261160,2.7135360000,0.2035104000,-0.0025098580,3.3072480000,0.1761982000,-0.0027253460,3.0814560000,0.1896078000,-0.0046887880,3.0229920000,0.1906924000,-0.0023434320,2.9494080000,0.1595348000,-0.0031467020,2.9040480000,0.1712682000,-0.0032015360,2.9635200000,0.1824100000,-0.0032217380,3.3213600000,0.1782688000,-0.0028186600,3.1540320000,0.1745220000,-0.0014776320,2.7619200000,0.1813254000,-0.0024617580,2.8314720000,0.1792548000,-0.0036459800,2.9574720000,0.1768884000,-0.0025002380,3.2700000000,0.1654670000,-0.0035150610,3.0900000000,0.1761708000,-0.0045591480,3.2120000000,0.1766618000,-0.0024039840,3.0060000000,0.1862854000,-0.0014642100,3.1330000000,0.1903116000,-0.0025389210,3.3590000000,0.1801970000,-0.0017283420,3.0430000000,0.1795096000,-0.0018479670,2.9710000000,0.1940432000,-0.0023523060,2.9170000000,0.1797060000,-0.0021025290,3.2630000000,0.1692968000,-0.0014709090,3.1880000000,0.1876602000,-0.0022680900,2.9020000000,0.1971856000,-0.0030059370,3.2940000000,0.1813754000,-0.0013646820,3.0690000000,0.1713590000,-0.0023178540,2.8260000000,0.1964982000,-0.0023312520,3.2570000000,0.1674310000,-0.0014862210,3.0070000000,0.1943378000,-0.0028174080,3.1700000000,0.2002298000,-0.0023101980,3.4070000000,0.2040596000,-0.0020996580,2.9980000000,0.1794114000,-0.0016001040,3.1480000000,0.1647796000,-0.0020211840,2.8960000000,0.1946324000,-0.0025695450,3.6840000000,0.1699842000,-0.0021723900,3.0110000000,0.1918828000,-0.0030155070,3.3040000000,0.1885440000,-0.0017647080,3.3710000000,0.1772510000,-0.0022728750,3.1290000000,0.1825538000,-0.0021819600,2.9350000000,0.1851070000,-0.0024786300,2.9610000000,0.1629138000,-0.0023781450
16250,615.38,2.6132160000,0.0916500000,-0.0024227820,2.4408720000,0.0905482500,-0.0019821020,2.7555000000,0.0793260000,-0.0012904260,2.6182260000,0.0767032500,-0.0025185820,2.6432760000,0.0942630000,-0.0025281620,2.9769420000,0.0732127500,-0.0017358960,2.7124140000,0.0765277500,-0.0021880720,2.6673240000,0.0950332500,-0.0021258020,2.4879660000,0.1082250000,-0.0018824700,2.6242380000,0.0994500000,-0.0007264514,2.8787460000,0.0697710000,-0.0019811440,2.8697280000,0.1004250000,-0.0005068778,2.4929760000,0.1086150000,-0.0015050180,2.9007900000,0.0892515000,-0.0014437060,2.6973840000,0.0979875000,-0.0024007480,2.5571040000,0.0950625000,-0.0011601380,2.6502900000,0.0781072500,-0.0023767980,2.6082060000,0.0867262500,-0.0017224840,2.6573040000,0.0938535000,-0.0018633100,2.9027940000,0.0874380000,-0.0019054620,2.8396680000,0.0893782500,-0.0009762020,2.5551000000,0.0964177500,-0.0008062528,2.5029960000,0.0923520000,-0.0014762780,2.5661220000,0.0885202500,-0.0017608040,2.8502880000,0.0846850200,-0.0021783550,2.6955980000,0.0910420200,-0.0023617150,2.8293300000,0.0897804000,-0.0012118950,2.6566760000,0.0939564600,-0.0008328555,2.8063760000,0.1019076000,-0.0012395900,2.8562760000,0.0895848000,-0.0008663760,2.7165560000,0.0931447200,-0.0010762850,2.5957980000,0.0956092800,-0.0013799750,2.6806280000,0.0945139200,-0.0010533650,2.8433020000,0.0857119200,-0.0007729770,2.8263360000,0.0978978000,-0.0010514550,2.5758380000,0.1024944000,-0.0017094500,2.7624640000,0.0879711000,-0.0011975700,2.7464960000,0.0875994600,-0.0011259450,2.5279340000,0.1010274000,-0.0009941550,2.8203480000,0.0843231600,-0.0008600730,2.5578740000,0.0923036400,-0.0016206350,2.5948000000,0.0997560000,-0.0012128500,2.8502880000,0.0971936400,-0.0010705550,2.6576740000,0.0904161000,-0.0017495600,2.7445000000,0.0831006600,-0.0012118950,2.5458980000,0.0970762800,-0.0013761550,3.0518840000,0.0860835600,-0.0011889750,2.6377140000,0.0962547600,-0.0017295050,2.7704480000,0.0918537600,-0.0010772400,2.7754380000,0.0902889600,-0.0015108100,2.6367160000,0.0894870000,-0.0014095800,2.5598700000,0.0939955800,-0.0013723350,2.6197500000,0.0843720600,-0.0009209065
16000,625.00,2.1221200000,0.0375544400,-0.0013030280,2.0460440000,0.0376817100,-0.0011194760,2.1881860000,0.0311419900,-0.0009037068,2.1471450000,0.0308482900,-0.0017074160,2.1551530000,0.0390327300,-0.0015965200,2.3053030000,0.0293993700,-0.0009951960,2.1371350000,0.0302217300,-0.0015181280,2.2232210000,0.0382984800,-0.0011462440,2.1201180000,0.0468255700,-0.0015171720,2.1081060000,0.0389837800,-0.0010171840,2.2732710000,0.0292133600,-0.0011758800,2.2332310000,0.0342845800,-0.0006627948,2.0800780000,0.0438689900,-0.0010343920,2.2492470000,0.0341083600,-0.0010745440,2.1511490000,0.0382103700,-0.0014884920,2.1391370000,0.0400019400,-0.0006233120,2.1091070000,0.0315727500,-0.0012906000,2.0770750000,0.0349503000,-0.0013938480,2.1441420000,0.0387390300,-0.0009248344,2.2472450000,0.0355083300,-0.0007505556,2.3663640000,0.0373586400,-0.0009732080,2.0570550000,0.0381614200,-0.0013833320,2.1071050000,0.0362327900,-0.0013011160,2.1201180000,0.0346859700,-0.0012093400,2.2263010000,0.0311680000,-0.0017963240,2.1754540000,0.0350250400,-0.0018890560,2.1973880000,0.0363983800,-0.0005305800,2.1565110000,0.0392716800,-0.0002338376,2.1575080000,0.0395249200,-0.0006898496,2.2163310000,0.0348497200,-0.0003462632,2.1315860000,0.0361061800,-0.0004987452,2.1216160000,0.0410638400,-0.0003701632,2.0657840000,0.0378983400,-0.0007337300,2.2272980000,0.0342555800,-0.0003930116,2.2153340000,0.0388431200,-0.0004613656,2.0757540000,0.0409567000,-0.0008746444,2.2133400000,0.0385217000,-0.0002718864,2.1146370000,0.0342263600,-0.0007292368,2.0657840000,0.0405476200,-0.0005993164,2.2063610000,0.0338075400,-0.0004542912,2.1535200000,0.0380541800,-0.0008471116,2.0707690000,0.0403333400,-0.0006203484,2.2841270000,0.0411515000,-0.0002323080,2.1266010000,0.0378204200,-0.0004084032,2.1794420000,0.0353659400,-0.0005459716,2.0747570000,0.0396125800,-0.0007646088,2.2751540000,0.0351808800,-0.0004030496,2.1644870000,0.0403917800,-0.0007443416,2.1654840000,0.0409274800,-0.0005345952,2.2113460000,0.0349958200,-0.0004670060,2.1684750000,0.0393690800,-0.0004465476,2.0976880000,0.0406352800,-0.0006383212,2.4157310000,0.0415703200,0.0000093975
15500,645.16,1.0000000000,0.0000000000,0.0000000000,1.0000000000,0.0000000000,0.0000000000,1.0000000000,0.0000000000,0.0000000000,1.0000000000,0.0000000000,0.0000000000,1.0000000000,0.0000000000,0.0000000000,1.0000000000,0.0000000000,0.0000000000,1.0000000000,0.0000000000,0.0000000000,1.0000000000,0.0000000000,0.0000000000,1.0000000000,0.0000000000,0.0000000000,1.0000000000,0.0000000000,0.0000000000,1.0000000000,0.0000000000,0.0000000000,1.0000000000,0.0000000000,0.0000000000,1.0000000000,0.0000000000,0.0000000000,1.0000000000,0.0000000000,0.0000000000,1.0000000000,0.0000000000,0.0000000000,1.0000000000,0.0000000000,0.0000000000,1.0000000000,0.0000000000,0.0000000000,1.0000000000,0.0000000000,0.0000000000,1.0000000000,0.0000000000,0.0000000000,1.0000000000,0.0000000000,0.0000000000,1.0000000000,0.0000000000,0.0000000000,1.0000000000,0.0000000000,0.0000000000,1.0000000000,0.0000000000,0.0000000000,1.0000000000,0.0000000000,0.0000000000,1.0000000000,0.0000000000,0.0000000000,1.0000000000,0.0000000000,0.0000000000,1.0000000000,0.0000000000,0.0000000000,1.0000000000,0.0000000000,0.0000000000,1.0000000000,0.0000000000,0.0000000000,1.0000000000,0.0000000000,0.0000000000,1.0000000000,0.0000000000,0.0000000000,1.0000000000,0.0000000000,0.0000000000,1.0000000000,0.0000000000,0.0000000000,1.0000000000,0.0000000000,0.0000000000,1.0000000000,0.0000000000,0.0000000000,1.0000000000,0.0000000000,0.0000000000,1.0000000000,0.0000000000,0.0000000000,1.0000000000,0.0000000000,0.0000000000,1.0000000000,0.0000000000,0.0000000000,1.0000000000,0.0000000000,0.0000000000,1.0000000000,0.0000000000,0.0000000000,1.0000000000,0.0000000000,0.0000000000,1.0000000000,0.0000000000,0.0000000000,1.0000000000,0.0000000000,0.0000000000,1.0000000000,0.0000000000,0.0000000000,1.0000000000,0.0000000000,0.0000000000,1.0000000000,0.0000000000,0.0000000000,1.0000000000,0.0000000000,0.0000000000,1.0000000000,0.0000000000,0.0000000000,1.0000000000,0.0000000000,0.0000000000,1.0000000000,0.0000000000,0.0000000000,1.0000000000,0.0000000000,0.0000000000,1.0000000000,0.0000000000,0.0000000000
15000,666.67,0.2995002000,-0.0017828500,0.0001694702,0.3098898000,-0.0021010050,0.0000621359,0.2994003000,-0.0014026400,0.0000639752,0.2995002000,-0.0012736050,0.0002596180,0.3082914000,-0.0016942000,-0.0000383392,0.2966031000,-0.0014065800,0.0000750210,0.2851146000,-0.0012637550,0.0000714668,0.2943054000,-0.0018852900,0.0000495861,0.3067929000,-0.0024654550,0.0000891706,0.3155841000,-0.0018557400,0.0001155348,0.2880117000,-0.0011435850,0.0000623371,0.2899098000,-0.0017336000,0.0000942097,0.3053943000,-0.0023965050,0.0000555257,0.2821176000,-0.0018035350,-0.0000198593,0.2954043000,-0.0020222050,0.0000739193,0.3096900000,-0.0021335100,0.0000593289,0.3011985000,-0.0016932150,0.0000877624,0.2920077000,-0.0018912000,0.0000483790,0.3095901000,-0.0021138100,0.0000474018,0.2865132000,-0.0016981400,0.0000420083,0.2917080000,-0.0018370250,0.0000403893,0.2990007000,-0.0015474350,0.0000469324,0.3087909000,-0.0017148850,0.0000838537,0.3024972000,-0.0022871700,0.0000008143,0.2860833000,-0.0015530640,0.0000460114,0.2954175000,-0.0018278820,0.0000172388,0.2825085000,-0.0017036760,0.0000400489,0.2879700000,-0.0018415740,0.0000241553,0.2724792000,-0.0017760480,0.0000075271,0.2837994000,-0.0016381500,0.0000252715,0.2845938000,-0.0018533100,0.0000521456,0.2960133000,-0.0020401080,0.0000703289,0.2892609000,-0.0019921860,0.0000239263,0.2880693000,-0.0017486640,0.0000275706,0.2891616000,-0.0017486640,0.0000699664,0.2993895000,-0.0023266620,0.0000231059,0.3111069000,-0.0023423100,0.0000019175,0.2921406000,-0.0017359500,0.0000348782,0.3021699000,-0.0023022120,0.0000373586,0.2938287000,-0.0016498860,0.0000340864,0.2936301000,-0.0023012340,0.0000032627,0.2960133000,-0.0022806960,0.0000281335,0.2906511000,-0.0019667580,0.0000682015,0.3000846000,-0.0017995200,0.0000450002,0.2862819000,-0.0016225020,0.0000460305,0.2996874000,-0.0020626020,0.0000588046,0.2926371000,-0.0018141900,0.0000154357,0.3107097000,-0.0019423080,0.0000947227,0.2913462000,-0.0016547760,0.0000377021,0.2934315000,-0.0018112560,0.0000687071,0.2881686000,-0.0017222580,0.0000362997,0.2949210000,-0.0019031880,0.0000358132,0.3177600000,-0.0017965860,0.0000264449
14500,689.66,0.0606353000,-0.0004642092,0.0000353037,0.0623268000,-0.0005205186,0.0000187668,0.0613915000,-0.0003477645,0.0000268439,0.0609835500,-0.0003698370,0.0000476873,0.0610134000,-0.0004308552,0.0000007369,0.0570533000,-0.0003465873,0.0000187668,0.0580781500,-0.0003571821,0.0000164317,0.0600283500,-0.0004700952,0.0000202406,0.0622770500,-0.0006441246,0.0000247767,0.0612820500,-0.0004696047,0.0000320786,0.0568443500,-0.0002900817,0.0000162690,0.0583169500,-0.0004510638,0.0000223651,0.0632919500,-0.0006251913,0.0000197046,0.0568642500,-0.0004180041,0.0000105557,0.0614810500,-0.0005308191,0.0000250734,0.0605557000,-0.0004926582,0.0000206234,0.0590831000,-0.0004031910,0.0000276669,0.0616701000,-0.0004853007,0.0000169293,0.0642770000,-0.0005497524,0.0000152642,0.0578990500,-0.0004429215,0.0000058377,0.0576403500,-0.0004432158,0.0000151015,0.0621974500,-0.0004215357,0.0000236570,0.0636601000,-0.0004750002,0.0000142593,0.0622173500,-0.0005220882,0.0000150728,0.0573872000,-0.0003926194,0.0000104054,0.0604723200,-0.0004835910,0.0000182974,0.0578832000,-0.0004427804,0.0000134232,0.0622579200,-0.0004903116,0.0000086918,0.0582006400,-0.0005363818,0.0000167171,0.0579427200,-0.0004480400,0.0000084442,0.0580617600,-0.0004693706,0.0000089678,0.0583792000,-0.0004782340,0.0000301594,0.0631308800,-0.0005266418,0.0000131757,0.0581212800,-0.0004521308,0.0000055787,0.0583593600,-0.0004768704,0.0000112336,0.0620000000,-0.0005599526,0.0000175644,0.0610278400,-0.0005673550,0.0000103387,0.0552643200,-0.0004513516,0.0000014470,0.0615238400,-0.0005364792,0.0000225243,0.0597184000,-0.0004278782,0.0000080920,0.0587561600,-0.0005367714,0.0000037509,0.0597878400,-0.0005489464,0.0000187354,0.0553040000,-0.0004631370,0.0000221054,0.0613750400,-0.0004664486,0.0000159555,0.0605120000,-0.0004682018,0.0000145942,0.0612064000,-0.0005488490,0.0000174692,0.0563753600,-0.0004118072,0.0000128996,0.0639641600,-0.0005356026,0.0000256374,0.0567027200,-0.0004364494,0.0000148893,0.0584585600,-0.0004828118,0.0000157080,0.0591033600,-0.0004645980,0.0000128234,0.0625654400,-0.0005281028,0.0000132709,0.0647875200,-0.0004836884,0.0000085299
14000,714.29,0.0097095540,-0.0000693841,0.0000060897,0.0099697200,-0.0000830320,0.0000028298,0.0098277210,-0.0000570651,0.0000026099,0.0096559320,-0.0000578605,0.0000072082,0.0097711200,-0.0000660473,0.0000015392,0.0095059890,-0.0000632440,0.0000018068,0.0092607180,-0.0000584425,0.0000025334,0.0094205910,-0.0000716054,0.0000027915,0.0098604900,-0.0000960009,0.0000048469,0.0101981100,-0.0000881730,0.0000007170,0.0093868290,-0.0000491693,0.0000054683,0.0094464090,-0.0000817419,0.0000059846,0.0103073400,-0.0001027230,0.0000030401,0.0089707620,-0.0000672695,0.0000007361,0.0101683200,-0.0000905883,0.0000046940,0.0098763780,-0.0000762517,0.0000059559,0.0092239770,-0.0000623225,0.0000070075,0.0100193700,-0.0000715375,0.0000056022,0.0106350300,-0.0000879305,0.0000035659,0.0094722270,-0.0000706548,0.0000033842,0.0094950660,-0.0000657466,0.0000067780,0.0103967100,-0.0000617405,0.0000077245,0.0100094400,-0.0000703541,0.0000057073,0.0098833290,-0.0000787543,0.0000039578,0.0090963890,-0.0000598408,0.0000029798,0.0099080180,-0.0000823847,0.0000046362,0.0093728780,-0.0000695382,0.0000023514,0.0102271200,-0.0000732073,0.0000025990,0.0090359380,-0.0000748540,0.0000032178,0.0093966620,-0.0000698657,0.0000015042,0.0095195460,-0.0000762792,0.0000003998,0.0096454030,-0.0000805357,0.0000027227,0.0099991900,-0.0000800157,0.0000021039,0.0095274740,-0.0000698945,0.0000016660,0.0093193640,-0.0000723309,0.0000025133,0.0098277470,-0.0000870745,0.0000046553,0.0101973900,-0.0000911672,0.0000021134,0.0090636860,-0.0000693745,0.0000006664,0.0099496400,-0.0000905509,0.0000018374,0.0097950440,-0.0000640202,0.0000052074,0.0096236010,-0.0000834632,0.0000012471,0.0106532500,-0.0000947303,0.0000035129,0.0089863880,-0.0000734384,0.0000040365,0.0097098180,-0.0000717628,0.0000032273,0.0097187370,-0.0000685078,0.0000021134,0.0099991900,-0.0000857744,0.0000025894,0.0092172910,-0.0000676411,0.0000024752,0.0103559500,-0.0000884323,0.0000046553,0.0091895430,-0.0000662833,0.0000041126,0.0097910800,-0.0000836077,0.0000030178,0.0097108090,-0.0000741799,0.0000046077,0.0100091000,-0.0000828276,0.0000043506,0.0108910900,-0.0000830395,0.0000032654
,,,,,,,,,,,,,,,,,,,,,,,,,,,,,,,,,,,,,,,,,,,,,,,,,,,,,,,,,,,,,,,,,,,,,,,,,,,,,,,,,,,,,,,,,,,,,,,,,,,,,,,,,,,,,,,,,,,,,,,,,,,,,,,,,,,,,,,,,,,,,,,,,,,,,,,,,,,,,,,,
,,,,,,,,,,,,,,,,,,,,,,,,,,,,,,,,,,,,,,,,,,,,,,,,,,,,,,,,,,,,,,,,,,,,,,,,,,,,,,,,,,,,,,,,,,,,,,,,,,,,,,,,,,,,,,,,,,,,,,,,,,,,,,,,,,,,,,,,,,,,,,,,,,,,,,,,,,,,,,,,
,,,,,,,,,,,,,,,,,,,,,,,,,,,,,,,,,,,,,,,,,,,,,,,,,,,,,,,,,,,,,,,,,,,,,,,,,,,,,,,,,,,,,,,,,,,,,,,,,,,,,,,,,,,,,,,,,,,,,,,,,,,,,,,,,,,,,,,,,,,,,,,,,,,,,,,,,,,,,,,,
,,,,,,,,,,,,,,,,,,,,,,,,,,,,,,,,,,,,,,,,,,,,,,,,,,,,,,,,,,,,,,,,,,,,,,,,,,,,,,,,,,,,,,,,,,,,,,,,,,,,,,,,,,,,,,,,,,,,,,,,,,,,,,,,,,,,,,,,,,,,,,,,,,,,,,,,,,,,,,,,
,,,,,,,,,,,,,,,,,,,,,,,,,,,,,,,,,,,,,,,,,,,,,,,,,,,,,,,,,,,,,,,,,,,,,,,,,,,,,,,,,,,,,,,,,,,,,,,,,,,,,,,,,,,,,,,,,,,,,,,,,,,,,,,,,,,,,,,,,,,,,,,,,,,,,,,,,,,,,,,,
,,,,,,,,,,,,,,,,,,,,,,,,,,,,,,,,,,,,,,,,,,,,,,,,,,,,,,,,,,,,,,,,,,,,,,,,,,,,,,,,,,,,,,,,,,,,,,,,,,,,,,,,,,,,,,,,,,,,,,,,,,,,,,,,,,,,,,,,,,,,,,,,,,,,,,,,,,,,,,,,
,,,,,,,,,,,,,,,,,,,,,,,,,,,,,,,,,,,,,,,,,,,,,,,,,,,,,,,,,,,,,,,,,,,,,,,,,,,,,,,,,,,,,,,,,,,,,,,,,,,,,,,,,,,,,,,,,,,,,,,,,,,,,,,,,,,,,,,,,,,,,,,,,,,,,,,,,,,,,,,,
,,,,,,,,,,,,,,,,,,,,,,,,,,,,,,,,,,,,,,,,,,,,,,,,,,,,,,,,,,,,,,,,,,,,,,,,,,,,,,,,,,,,,,,,,,,,,,,,,,,,,,,,,,,,,,,,,,,,,,,,,,,,,,,,,,,,,,,,,,,,,,,,,,,,,,,,,,,,,,,,
,,,,,,,,,,,,,,,,,,,,,,,,,,,,,,,,,,,,,,,,,,,,,,,,,,,,,,,,,,,,,,,,,,,,,,,,,,,,,,,,,,,,,,,,,,,,,,,,,,,,,,,,,,,,,,,,,,,,,,,,,,,,,,,,,,,,,,,,,,,,,,,,,,,,,,,,,,,,,,,,
,,,,,,,,,,,,,,,,,,,,,,,,,,,,,,,,,,,,,,,,,,,,,,,,,,,,,,,,,,,,,,,,,,,,,,,,,,,,,,,,,,,,,,,,,,,,,,,,,,,,,,,,,,,,,,,,,,,,,,,,,,,,,,,,,,,,,,,,,,,,,,,,,,,,,,,,,,,,,,,,
,,,,,,,,,,,,,,,,,,,,,,,,,,,,,,,,,,,,,,,,,,,,,,,,,,,,,,,,,,,,,,,,,,,,,,,,,,,,,,,,,,,,,,,,,,,,,,,,,,,,,,,,,,,,,,,,,,,,,,,,,,,,,,,,,,,,,,,,,,,,,,,,,,,,,,,,,,,,,,,,
,,,,,,,,,,,,,,,,,,,,,,,,,,,,,,,,,,,,,,,,,,,,,,,,,,,,,,,,,,,,,,,,,,,,,,,,,,,,,,,,,,,,,,,,,,,,,,,,,,,,,,,,,,,,,,,,,,,,,,,,,,,,,,,,,,,,,,,,,,,,,,,,,,,,,,,,,,,,,,,,
,,,,,,,,,,,,,,,,,,,,,,,,,,,,,,,,,,,,,,,,,,,,,,,,,,,,,,,,,,,,,,,,,,,,,,,,,,,,,,,,,,,,,,,,,,,,,,,,,,,,,,,,,,,,,,,,,,,,,,,,,,,,,,,,,,,,,,,,,,,,,,,,,,,,,,,,,,,,,,,,
,,,,,,,,,,,,,,,,,,,,,,,,,,,,,,,,,,,,,,,,,,,,,,,,,,,,,,,,,,,,,,,,,,,,,,,,,,,,,,,,,,,,,,,,,,,,,,,,,,,,,,,,,,,,,,,,,,,,,,,,,,,,,,,,,,,,,,,,,,,,,,,,,,,,,,,,,,,,,,,,
,,,,,,,,,,,,,,,,,,,,,,,,,,,,,,,,,,,,,,,,,,,,,,,,,,,,,,,,,,,,,,,,,,,,,,,,,,,,,,,,,,,,,,,,,,,,,,,,,,,,,,,,,,,,,,,,,,,,,,,,,,,,,,,,,,,,,,,,,,,,,,,,,,,,,,,,,,,,,,,,
,,,,,,,,,,,,,,,,,,,,,,,,,,,,,,,,,,,,,,,,,,,,,,,,,,,,,,,,,,,,,,,,,,,,,,,,,,,,,,,,,,,,,,,,,,,,,,,,,,,,,,,,,,,,,,,,,,,,,,,,,,,,,,,,,,,,,,,,,,,,,,,,,,,,,,,,,,,,,,,,
,,,,,,,,,,,,,,,,,,,,,,,,,,,,,,,,,,,,,,,,,,,,,,,,,,,,,,,,,,,,,,,,,,,,,,,,,,,,,,,,,,,,,,,,,,,,,,,,,,,,,,,,,,,,,,,,,,,,,,,,,,,,,,,,,,,,,,,,,,,,,,,,,,,,,,,,,,,,,,,,
,,,,,,,,,,,,,,,,,,,,,,,,,,,,,,,,,,,,,,,,,,,,,,,,,,,,,,,,,,,,,,,,,,,,,,,,,,,,,,,,,,,,,,,,,,,,,,,,,,,,,,,,,,,,,,,,,,,,,,,,,,,,,,,,,,,,,,,,,,,,,,,,,,,,,,,,,,,,,,,,
,,,,,,,,,,,,,,,,,,,,,,,,,,,,,,,,,,,,,,,,,,,,,,,,,,,,,,,,,,,,,,,,,,,,,,,,,,,,,,,,,,,,,,,,,,,,,,,,,,,,,,,,,,,,,,,,,,,,,,,,,,,,,,,,,,,,,,,,,,,,,,,,,,,,,,,,,,,,,,,,
,,,,,,,,,,,,,,,,,,,,,,,,,,,,,,,,,,,,,,,,,,,,,,,,,,,,,,,,,,,,,,,,,,,,,,,,,,,,,,,,,,,,,,,,,,,,,,,,,,,,,,,,,,,,,,,,,,,,,,,,,,,,,,,,,,,,,,,,,,,,,,,,,,,,,,,,,,,,,,,,
,,,,,,,,,,,,,,,,,,,,,,,,,,,,,,,,,,,,,,,,,,,,,,,,,,,,,,,,,,,,,,,,,,,,,,,,,,,,,,,,,,,,,,,,,,,,,,,,,,,,,,,,,,,,,,,,,,,,,,,,,,,,,,,,,,,,,,,,,,,,,,,,,,,,,,,,,,,,,,,,
,,,,,,,,,,,,,,,,,,,,,,,,,,,,,,,,,,,,,,,,,,,,,,,,,,,,,,,,,,,,,,,,,,,,,,,,,,,,,,,,,,,,,,,,,,,,,,,,,,,,,,,,,,,,,,,,,,,,,,,,,,,,,,,,,,,,,,,,,,,,,,,,,,,,,,,,,,,,,,,,
,,,,,,,,,,,,,,,,,,,,,,,,,,,,,,,,,,,,,,,,,,,,,,,,,,,,,,,,,,,,,,,,,,,,,,,,,,,,,,,,,,,,,,,,,,,,,,,,,,,,,,,,,,,,,,,,,,,,,,,,,,,,,,,,,,,,,,,,,,,,,,,,,,,,,,,,,,,,,,,,
,,,,,,,,,,,,,,,,,,,,,,,,,,,,,,,,,,,,,,,,,,,,,,,,,,,,,,,,,,,,,,,,,,,,,,,,,,,,,,,,,,,,,,,,,,,,,,,,,,,,,,,,,,,,,,,,,,,,,,,,,,,,,,,,,,,,,,,,,,,,,,,,,,,,,,,,,,,,,,,,
,,,,,,,,,,,,,,,,,,,,,,,,,,,,,,,,,,,,,,,,,,,,,,,,,,,,,,,,,,,,,,,,,,,,,,,,,,,,,,,,,,,,,,,,,,,,,,,,,,,,,,,,,,,,,,,,,,,,,,,,,,,,,,,,,,,,,,,,,,,,,,,,,,,,,,,,,,,,,,,,
,,,,,,,,,,,,,,,,,,,,,,,,,,,,,,,,,,,,,,,,,,,,,,,,,,,,,,,,,,,,,,,,,,,,,,,,,,,,,,,,,,,,,,,,,,,,,,,,,,,,,,,,,,,,,,,,,,,,,,,,,,,,,,,,,,,,,,,,,,,,,,,,,,,,,,,,,,,,,,,,
,,,,,,,,,,,,,,,,,,,,,,,,,,,,,,,,,,,,,,,,,,,,,,,,,,,,,,,,,,,,,,,,,,,,,,,,,,,,,,,,,,,,,,,,,,,,,,,,,,,,,,,,,,,,,,,,,,,,,,,,,,,,,,,,,,,,,,,,,,,,,,,,,,,,,,,,,,,,,,,,
,,,,,,,,,,,,,,,,,,,,,,,,,,,,,,,,,,,,,,,,,,,,,,,,,,,,,,,,,,,,,,,,,,,,,,,,,,,,,,,,,,,,,,,,,,,,,,,,,,,,,,,,,,,,,,,,,,,,,,,,,,,,,,,,,,,,,,,,,,,,,,,,,,,,,,,,,,,,,,,,
,,,,,,,,,,,,,,,,,,,,,,,,,,,,,,,,,,,,,,,,,,,,,,,,,,,,,,,,,,,,,,,,,,,,,,,,,,,,,,,,,,,,,,,,,,,,,,,,,,,,,,,,,,,,,,,,,,,,,,,,,,,,,,,,,,,,,,,,,,,,,,,,,,,,,,,,,,,,,,,,
,,,,,,,,,,,,,,,,,,,,,,,,,,,,,,,,,,,,,,,,,,,,,,,,,,,,,,,,,,,,,,,,,,,,,,,,,,,,,,,,,,,,,,,,,,,,,,,,,,,,,,,,,,,,,,,,,,,,,,,,,,,,,,,,,,,,,,,,,,,,,,,,,,,,,,,,,,,,,,,,
,,,,,,,,,,,,,,,,,,,,,,,,,,,,,,,,,,,,,,,,,,,,,,,,,,,,,,,,,,,,,,,,,,,,,,,,,,,,,,,,,,,,,,,,,,,,,,,,,,,,,,,,,,,,,,,,,,,,,,,,,,,,,,,,,,,,,,,,,,,,,,,,,,,,,,,,,,,,,,,,
,,,,,,,,,,,,,,,,,,,,,,,,,,,,,,,,,,,,,,,,,,,,,,,,,,,,,,,,,,,,,,,,,,,,,,,,,,,,,,,,,,,,,,,,,,,,,,,,,,,,,,,,,,,,,,,,,,,,,,,,,,,,,,,,,,,,,,,,,,,,,,,,,,,,,,,,,,,,,,,,
,,,,,,,,,,,,,,,,,,,,,,,,,,,,,,,,,,,,,,,,,,,,,,,,,,,,,,,,,,,,,,,,,,,,,,,,,,,,,,,,,,,,,,,,,,,,,,,,,,,,,,,,,,,,,,,,,,,,,,,,,,,,,,,,,,,,,,,,,,,,,,,,,,,,,,,,,,,,,,,,
,,,,,,,,,,,,,,,,,,,,,,,,,,,,,,,,,,,,,,,,,,,,,,,,,,,,,,,,,,,,,,,,,,,,,,,,,,,,,,,,,,,,,,,,,,,,,,,,,,,,,,,,,,,,,,,,,,,,,,,,,,,,,,,,,,,,,,,,,,,,,,,,,,,,,,,,,,,,,,,,
,,,,,,,,,,,,,,,,,,,,,,,,,,,,,,,,,,,,,,,,,,,,,,,,,,,,,,,,,,,,,,,,,,,,,,,,,,,,,,,,,,,,,,,,,,,,,,,,,,,,,,,,,,,,,,,,,,,,,,,,,,,,,,,,,,,,,,,,,,,,,,,,,,,,,,,,,,,,,,,,